timestamp,canteen_name,day_of_week,temperature,weather_condition,exam_week,event_day,crowd_count
2026-01-27 08:00:00,Main Canteen,1,27,Rainy,0,0,110
2026-01-27 08:00:00,Fresherteria,1,27,Rainy,0,0,53
2026-01-27 08:00:00,Gourmet Extension,1,27,Rainy,0,0,65
2026-01-27 08:00:00,Mingos,1,27,Rainy,0,0,24
2026-01-27 08:00:00,Kiosk,1,27,Rainy,0,0,50
2026-01-27 09:00:00,Main Canteen,1,27,Rainy,0,0,22
2026-01-27 09:00:00,Fresherteria,1,27,Rainy,0,0,87
2026-01-27 09:00:00,Gourmet Extension,1,27,Rainy,0,0,23
2026-01-27 09:00:00,Mingos,1,27,Rainy,0,0,25
2026-01-27 09:00:00,Kiosk,1,27,Rainy,0,0,20
2026-01-27 10:00:00,Main Canteen,1,27,Rainy,0,0,30
2026-01-27 10:00:00,Fresherteria,1,27,Rainy,0,0,21
2026-01-27 10:00:00,Gourmet Extension,1,27,Rainy,0,0,15
2026-01-27 10:00:00,Mingos,1,27,Rainy,0,0,3
2026-01-27 10:00:00,Kiosk,1,27,Rainy,0,0,7
2026-01-27 11:00:00,Main Canteen,1,27,Rainy,0,0,54
2026-01-27 11:00:00,Fresherteria,1,27,Rainy,0,0,21
2026-01-27 11:00:00,Gourmet Extension,1,27,Rainy,0,0,53
2026-01-27 11:00:00,Mingos,1,27,Rainy,0,0,30
2026-01-27 11:00:00,Kiosk,1,27,Rainy,0,0,22
2026-01-27 12:00:00,Main Canteen,1,27,Rainy,0,0,69
2026-01-27 12:00:00,Fresherteria,1,27,Rainy,0,0,110
2026-01-27 12:00:00,Gourmet Extension,1,27,Rainy,0,0,133
2026-01-27 12:00:00,Mingos,1,27,Rainy,0,0,91
2026-01-27 12:00:00,Kiosk,1,27,Rainy,0,0,54
2026-01-27 13:00:00,Main Canteen,1,27,Rainy,0,0,137
2026-01-27 13:00:00,Fresherteria,1,27,Rainy,0,0,78
2026-01-27 13:00:00,Gourmet Extension,1,27,Rainy,0,0,64
2026-01-27 13:00:00,Mingos,1,27,Rainy,0,0,48
2026-01-27 13:00:00,Kiosk,1,27,Rainy,0,0,48
2026-01-27 14:00:00,Main Canteen,1,27,Rainy,0,0,117
2026-01-27 14:00:00,Fresherteria,1,27,Rainy,0,0,37
2026-01-27 14:00:00,Gourmet Extension,1,27,Rainy,0,0,39
2026-01-27 14:00:00,Mingos,1,27,Rainy,0,0,111
2026-01-27 14:00:00,Kiosk,1,27,Rainy,0,0,76
2026-01-27 15:00:00,Main Canteen,1,27,Rainy,0,0,6
2026-01-27 15:00:00,Fresherteria,1,27,Rainy,0,0,38
2026-01-27 15:00:00,Gourmet Extension,1,27,Rainy,0,0,26
2026-01-27 15:00:00,Mingos,1,27,Rainy,0,0,9
2026-01-27 15:00:00,Kiosk,1,27,Rainy,0,0,12
2026-01-27 16:00:00,Main Canteen,1,27,Rainy,0,0,89
2026-01-27 16:00:00,Fresherteria,1,27,Rainy,0,0,80
2026-01-27 16:00:00,Gourmet Extension,1,27,Rainy,0,0,37
2026-01-27 16:00:00,Mingos,1,27,Rainy,0,0,15
2026-01-27 16:00:00,Kiosk,1,27,Rainy,0,0,18
2026-01-27 17:00:00,Main Canteen,1,27,Rainy,0,0,83
2026-01-27 17:00:00,Fresherteria,1,27,Rainy,0,0,41
2026-01-27 17:00:00,Gourmet Extension,1,27,Rainy,0,0,76
2026-01-27 17:00:00,Mingos,1,27,Rainy,0,0,12
2026-01-27 17:00:00,Kiosk,1,27,Rainy,0,0,25
2026-01-27 18:00:00,Main Canteen,1,27,Rainy,0,0,32
2026-01-27 18:00:00,Fresherteria,1,27,Rainy,0,0,55
2026-01-27 18:00:00,Gourmet Extension,1,27,Rainy,0,0,39
2026-01-27 18:00:00,Mingos,1,27,Rainy,0,0,23
2026-01-27 18:00:00,Kiosk,1,27,Rainy,0,0,34
2026-01-28 08:00:00,Main Canteen,2,26,Rainy,0,0,42
2026-01-28 08:00:00,Fresherteria,2,26,Rainy,0,0,52
2026-01-28 08:00:00,Gourmet Extension,2,26,Rainy,0,0,58
2026-01-28 08:00:00,Mingos,2,26,Rainy,0,0,48
2026-01-28 08:00:00,Kiosk,2,26,Rainy,0,0,54
2026-01-28 09:00:00,Main Canteen,2,26,Rainy,0,0,100
2026-01-28 09:00:00,Fresherteria,2,26,Rainy,0,0,53
2026-01-28 09:00:00,Gourmet Extension,2,26,Rainy,0,0,37
2026-01-28 09:00:00,Mingos,2,26,Rainy,0,0,59
2026-01-28 09:00:00,Kiosk,2,26,Rainy,0,0,45
2026-01-28 10:00:00,Main Canteen,2,26,Rainy,0,0,68
2026-01-28 10:00:00,Fresherteria,2,26,Rainy,0,0,53
2026-01-28 10:00:00,Gourmet Extension,2,26,Rainy,0,0,19
2026-01-28 10:00:00,Mingos,2,26,Rainy,0,0,22
2026-01-28 10:00:00,Kiosk,2,26,Rainy,0,0,21
2026-01-28 11:00:00,Main Canteen,2,26,Rainy,0,0,50
2026-01-28 11:00:00,Fresherteria,2,26,Rainy,0,0,45
2026-01-28 11:00:00,Gourmet Extension,2,26,Rainy,0,0,32
2026-01-28 11:00:00,Mingos,2,26,Rainy,0,0,35
2026-01-28 11:00:00,Kiosk,2,26,Rainy,0,0,14
2026-01-28 12:00:00,Main Canteen,2,26,Rainy,0,0,260
2026-01-28 12:00:00,Fresherteria,2,26,Rainy,0,0,162
2026-01-28 12:00:00,Gourmet Extension,2,26,Rainy,0,0,53
2026-01-28 12:00:00,Mingos,2,26,Rainy,0,0,76
2026-01-28 12:00:00,Kiosk,2,26,Rainy,0,0,77
2026-01-28 13:00:00,Main Canteen,2,26,Rainy,0,0,174
2026-01-28 13:00:00,Fresherteria,2,26,Rainy,0,0,127
2026-01-28 13:00:00,Gourmet Extension,2,26,Rainy,0,0,98
2026-01-28 13:00:00,Mingos,2,26,Rainy,0,0,101
2026-01-28 13:00:00,Kiosk,2,26,Rainy,0,0,92
2026-01-28 14:00:00,Main Canteen,2,26,Rainy,0,0,89
2026-01-28 14:00:00,Fresherteria,2,26,Rainy,0,0,121
2026-01-28 14:00:00,Gourmet Extension,2,26,Rainy,0,0,155
2026-01-28 14:00:00,Mingos,2,26,Rainy,0,0,46
2026-01-28 14:00:00,Kiosk,2,26,Rainy,0,0,56
2026-01-28 15:00:00,Main Canteen,2,26,Rainy,0,0,60
2026-01-28 15:00:00,Fresherteria,2,26,Rainy,0,0,33
2026-01-28 15:00:00,Gourmet Extension,2,26,Rainy,0,0,47
2026-01-28 15:00:00,Mingos,2,26,Rainy,0,0,9
2026-01-28 15:00:00,Kiosk,2,26,Rainy,0,0,27
2026-01-28 16:00:00,Main Canteen,2,26,Rainy,0,0,54
2026-01-28 16:00:00,Fresherteria,2,26,Rainy,0,0,22
2026-01-28 16:00:00,Gourmet Extension,2,26,Rainy,0,0,37
2026-01-28 16:00:00,Mingos,2,26,Rainy,0,0,21
2026-01-28 16:00:00,Kiosk,2,26,Rainy,0,0,29
2026-01-28 17:00:00,Main Canteen,2,26,Rainy,0,0,104
2026-01-28 17:00:00,Fresherteria,2,26,Rainy,0,0,45
2026-01-28 17:00:00,Gourmet Extension,2,26,Rainy,0,0,53
2026-01-28 17:00:00,Mingos,2,26,Rainy,0,0,18
2026-01-28 17:00:00,Kiosk,2,26,Rainy,0,0,43
2026-01-28 18:00:00,Main Canteen,2,26,Rainy,0,0,71
2026-01-28 18:00:00,Fresherteria,2,26,Rainy,0,0,11
2026-01-28 18:00:00,Gourmet Extension,2,26,Rainy,0,0,12
2026-01-28 18:00:00,Mingos,2,26,Rainy,0,0,19
2026-01-28 18:00:00,Kiosk,2,26,Rainy,0,0,3
2026-01-29 08:00:00,Main Canteen,3,32,Cloudy,0,0,52
2026-01-29 08:00:00,Fresherteria,3,32,Cloudy,0,0,30
2026-01-29 08:00:00,Gourmet Extension,3,32,Cloudy,0,0,23
2026-01-29 08:00:00,Mingos,3,32,Cloudy,0,0,43
2026-01-29 08:00:00,Kiosk,3,32,Cloudy,0,0,39
2026-01-29 09:00:00,Main Canteen,3,32,Cloudy,0,0,55
2026-01-29 09:00:00,Fresherteria,3,32,Cloudy,0,0,34
2026-01-29 09:00:00,Gourmet Extension,3,32,Cloudy,0,0,63
2026-01-29 09:00:00,Mingos,3,32,Cloudy,0,0,46
2026-01-29 09:00:00,Kiosk,3,32,Cloudy,0,0,32
2026-01-29 10:00:00,Main Canteen,3,32,Cloudy,0,0,31
2026-01-29 10:00:00,Fresherteria,3,32,Cloudy,0,0,38
2026-01-29 10:00:00,Gourmet Extension,3,32,Cloudy,0,0,21
2026-01-29 10:00:00,Mingos,3,32,Cloudy,0,0,32
2026-01-29 10:00:00,Kiosk,3,32,Cloudy,0,0,12
2026-01-29 11:00:00,Main Canteen,3,32,Cloudy,0,0,13
2026-01-29 11:00:00,Fresherteria,3,32,Cloudy,0,0,32
2026-01-29 11:00:00,Gourmet Extension,3,32,Cloudy,0,0,11
2026-01-29 11:00:00,Mingos,3,32,Cloudy,0,0,31
2026-01-29 11:00:00,Kiosk,3,32,Cloudy,0,0,22
2026-01-29 12:00:00,Main Canteen,3,32,Cloudy,0,0,117
2026-01-29 12:00:00,Fresherteria,3,32,Cloudy,0,0,91
2026-01-29 12:00:00,Gourmet Extension,3,32,Cloudy,0,0,82
2026-01-29 12:00:00,Mingos,3,32,Cloudy,0,0,48
2026-01-29 12:00:00,Kiosk,3,32,Cloudy,0,0,42
2026-01-29 13:00:00,Main Canteen,3,32,Cloudy,0,0,108
2026-01-29 13:00:00,Fresherteria,3,32,Cloudy,0,0,41
2026-01-29 13:00:00,Gourmet Extension,3,32,Cloudy,0,0,23
2026-01-29 13:00:00,Mingos,3,32,Cloudy,0,0,61
2026-01-29 13:00:00,Kiosk,3,32,Cloudy,0,0,56
2026-01-29 14:00:00,Main Canteen,3,32,Cloudy,0,0,191
2026-01-29 14:00:00,Fresherteria,3,32,Cloudy,0,0,90
2026-01-29 14:00:00,Gourmet Extension,3,32,Cloudy,0,0,58
2026-01-29 14:00:00,Mingos,3,32,Cloudy,0,0,40
2026-01-29 14:00:00,Kiosk,3,32,Cloudy,0,0,52
2026-01-29 15:00:00,Main Canteen,3,32,Cloudy,0,0,38
2026-01-29 15:00:00,Fresherteria,3,32,Cloudy,0,0,30
2026-01-29 15:00:00,Gourmet Extension,3,32,Cloudy,0,0,24
2026-01-29 15:00:00,Mingos,3,32,Cloudy,0,0,23
2026-01-29 15:00:00,Kiosk,3,32,Cloudy,0,0,11
2026-01-29 16:00:00,Main Canteen,3,32,Cloudy,0,0,30
2026-01-29 16:00:00,Fresherteria,3,32,Cloudy,0,0,25
2026-01-29 16:00:00,Gourmet Extension,3,32,Cloudy,0,0,54
2026-01-29 16:00:00,Mingos,3,32,Cloudy,0,0,49
2026-01-29 16:00:00,Kiosk,3,32,Cloudy,0,0,20
2026-01-29 17:00:00,Main Canteen,3,32,Cloudy,0,0,52
2026-01-29 17:00:00,Fresherteria,3,32,Cloudy,0,0,32
2026-01-29 17:00:00,Gourmet Extension,3,32,Cloudy,0,0,32
2026-01-29 17:00:00,Mingos,3,32,Cloudy,0,0,16
2026-01-29 17:00:00,Kiosk,3,32,Cloudy,0,0,11
2026-01-29 18:00:00,Main Canteen,3,32,Cloudy,0,0,17
2026-01-29 18:00:00,Fresherteria,3,32,Cloudy,0,0,28
2026-01-29 18:00:00,Gourmet Extension,3,32,Cloudy,0,0,28
2026-01-29 18:00:00,Mingos,3,32,Cloudy,0,0,14
2026-01-29 18:00:00,Kiosk,3,32,Cloudy,0,0,14
2026-01-30 08:00:00,Main Canteen,4,28,Rainy,0,0,86
2026-01-30 08:00:00,Fresherteria,4,28,Rainy,0,0,88
2026-01-30 08:00:00,Gourmet Extension,4,28,Rainy,0,0,38
2026-01-30 08:00:00,Mingos,4,28,Rainy,0,0,22
2026-01-30 08:00:00,Kiosk,4,28,Rainy,0,0,6
2026-01-30 09:00:00,Main Canteen,4,28,Rainy,0,0,76
2026-01-30 09:00:00,Fresherteria,4,28,Rainy,0,0,19
2026-01-30 09:00:00,Gourmet Extension,4,28,Rainy,0,0,51
2026-01-30 09:00:00,Mingos,4,28,Rainy,0,0,43
2026-01-30 09:00:00,Kiosk,4,28,Rainy,0,0,59
2026-01-30 10:00:00,Main Canteen,4,28,Rainy,0,0,28
2026-01-30 10:00:00,Fresherteria,4,28,Rainy,0,0,23
2026-01-30 10:00:00,Gourmet Extension,4,28,Rainy,0,0,42
2026-01-30 10:00:00,Mingos,4,28,Rainy,0,0,10
2026-01-30 10:00:00,Kiosk,4,28,Rainy,0,0,0
2026-01-30 11:00:00,Main Canteen,4,28,Rainy,0,0,51
2026-01-30 11:00:00,Fresherteria,4,28,Rainy,0,0,31
2026-01-30 11:00:00,Gourmet Extension,4,28,Rainy,0,0,39
2026-01-30 11:00:00,Mingos,4,28,Rainy,0,0,38
2026-01-30 11:00:00,Kiosk,4,28,Rainy,0,0,29
2026-01-30 12:00:00,Main Canteen,4,28,Rainy,0,0,225
2026-01-30 12:00:00,Fresherteria,4,28,Rainy,0,0,74
2026-01-30 12:00:00,Gourmet Extension,4,28,Rainy,0,0,153
2026-01-30 12:00:00,Mingos,4,28,Rainy,0,0,33
2026-01-30 12:00:00,Kiosk,4,28,Rainy,0,0,95
2026-01-30 13:00:00,Main Canteen,4,28,Rainy,0,0,99
2026-01-30 13:00:00,Fresherteria,4,28,Rainy,0,0,93
2026-01-30 13:00:00,Gourmet Extension,4,28,Rainy,0,0,83
2026-01-30 13:00:00,Mingos,4,28,Rainy,0,0,38
2026-01-30 13:00:00,Kiosk,4,28,Rainy,0,0,54
2026-01-30 14:00:00,Main Canteen,4,28,Rainy,0,0,115
2026-01-30 14:00:00,Fresherteria,4,28,Rainy,0,0,106
2026-01-30 14:00:00,Gourmet Extension,4,28,Rainy,0,0,67
2026-01-30 14:00:00,Mingos,4,28,Rainy,0,0,46
2026-01-30 14:00:00,Kiosk,4,28,Rainy,0,0,85
2026-01-30 15:00:00,Main Canteen,4,28,Rainy,0,0,53
2026-01-30 15:00:00,Fresherteria,4,28,Rainy,0,0,46
2026-01-30 15:00:00,Gourmet Extension,4,28,Rainy,0,0,9
2026-01-30 15:00:00,Mingos,4,28,Rainy,0,0,33
2026-01-30 15:00:00,Kiosk,4,28,Rainy,0,0,22
2026-01-30 16:00:00,Main Canteen,4,28,Rainy,0,0,77
2026-01-30 16:00:00,Fresherteria,4,28,Rainy,0,0,70
2026-01-30 16:00:00,Gourmet Extension,4,28,Rainy,0,0,40
2026-01-30 16:00:00,Mingos,4,28,Rainy,0,0,45
2026-01-30 16:00:00,Kiosk,4,28,Rainy,0,0,30
2026-01-30 17:00:00,Main Canteen,4,28,Rainy,0,0,55
2026-01-30 17:00:00,Fresherteria,4,28,Rainy,0,0,94
2026-01-30 17:00:00,Gourmet Extension,4,28,Rainy,0,0,54
2026-01-30 17:00:00,Mingos,4,28,Rainy,0,0,49
2026-01-30 17:00:00,Kiosk,4,28,Rainy,0,0,28
2026-01-30 18:00:00,Main Canteen,4,28,Rainy,0,0,43
2026-01-30 18:00:00,Fresherteria,4,28,Rainy,0,0,43
2026-01-30 18:00:00,Gourmet Extension,4,28,Rainy,0,0,38
2026-01-30 18:00:00,Mingos,4,28,Rainy,0,0,39
2026-01-30 18:00:00,Kiosk,4,28,Rainy,0,0,19
2026-01-31 08:00:00,Main Canteen,5,24,Rainy,0,0,0
2026-01-31 08:00:00,Fresherteria,5,24,Rainy,0,0,16
2026-01-31 08:00:00,Gourmet Extension,5,24,Rainy,0,0,24
2026-01-31 08:00:00,Mingos,5,24,Rainy,0,0,0
2026-01-31 08:00:00,Kiosk,5,24,Rainy,0,0,2
2026-01-31 09:00:00,Main Canteen,5,24,Rainy,0,0,20
2026-01-31 09:00:00,Fresherteria,5,24,Rainy,0,0,15
2026-01-31 09:00:00,Gourmet Extension,5,24,Rainy,0,0,31
2026-01-31 09:00:00,Mingos,5,24,Rainy,0,0,23
2026-01-31 09:00:00,Kiosk,5,24,Rainy,0,0,12
2026-01-31 10:00:00,Main Canteen,5,24,Rainy,0,0,9
2026-01-31 10:00:00,Fresherteria,5,24,Rainy,0,0,8
2026-01-31 10:00:00,Gourmet Extension,5,24,Rainy,0,0,3
2026-01-31 10:00:00,Mingos,5,24,Rainy,0,0,10
2026-01-31 10:00:00,Kiosk,5,24,Rainy,0,0,12
2026-01-31 11:00:00,Main Canteen,5,24,Rainy,0,0,14
2026-01-31 11:00:00,Fresherteria,5,24,Rainy,0,0,18
2026-01-31 11:00:00,Gourmet Extension,5,24,Rainy,0,0,9
2026-01-31 11:00:00,Mingos,5,24,Rainy,0,0,8
2026-01-31 11:00:00,Kiosk,5,24,Rainy,0,0,12
2026-01-31 12:00:00,Main Canteen,5,24,Rainy,0,0,12
2026-01-31 12:00:00,Fresherteria,5,24,Rainy,0,0,44
2026-01-31 12:00:00,Gourmet Extension,5,24,Rainy,0,0,8
2026-01-31 12:00:00,Mingos,5,24,Rainy,0,0,34
2026-01-31 12:00:00,Kiosk,5,24,Rainy,0,0,19
2026-01-31 13:00:00,Main Canteen,5,24,Rainy,0,0,14
2026-01-31 13:00:00,Fresherteria,5,24,Rainy,0,0,26
2026-01-31 13:00:00,Gourmet Extension,5,24,Rainy,0,0,54
2026-01-31 13:00:00,Mingos,5,24,Rainy,0,0,17
2026-01-31 13:00:00,Kiosk,5,24,Rainy,0,0,16
2026-01-31 14:00:00,Main Canteen,5,24,Rainy,0,0,17
2026-01-31 14:00:00,Fresherteria,5,24,Rainy,0,0,16
2026-01-31 14:00:00,Gourmet Extension,5,24,Rainy,0,0,34
2026-01-31 14:00:00,Mingos,5,24,Rainy,0,0,41
2026-01-31 14:00:00,Kiosk,5,24,Rainy,0,0,30
2026-01-31 15:00:00,Main Canteen,5,24,Rainy,0,0,19
2026-01-31 15:00:00,Fresherteria,5,24,Rainy,0,0,9
2026-01-31 15:00:00,Gourmet Extension,5,24,Rainy,0,0,5
2026-01-31 15:00:00,Mingos,5,24,Rainy,0,0,15
2026-01-31 15:00:00,Kiosk,5,24,Rainy,0,0,11
2026-01-31 16:00:00,Main Canteen,5,24,Rainy,0,0,24
2026-01-31 16:00:00,Fresherteria,5,24,Rainy,0,0,16
2026-01-31 16:00:00,Gourmet Extension,5,24,Rainy,0,0,3
2026-01-31 16:00:00,Mingos,5,24,Rainy,0,0,13
2026-01-31 16:00:00,Kiosk,5,24,Rainy,0,0,14
2026-01-31 17:00:00,Main Canteen,5,24,Rainy,0,0,35
2026-01-31 17:00:00,Fresherteria,5,24,Rainy,0,0,19
2026-01-31 17:00:00,Gourmet Extension,5,24,Rainy,0,0,6
2026-01-31 17:00:00,Mingos,5,24,Rainy,0,0,0
2026-01-31 17:00:00,Kiosk,5,24,Rainy,0,0,24
2026-01-31 18:00:00,Main Canteen,5,24,Rainy,0,0,12
2026-01-31 18:00:00,Fresherteria,5,24,Rainy,0,0,26
2026-01-31 18:00:00,Gourmet Extension,5,24,Rainy,0,0,10
2026-01-31 18:00:00,Mingos,5,24,Rainy,0,0,5
2026-01-31 18:00:00,Kiosk,5,24,Rainy,0,0,11
2026-02-01 08:00:00,Main Canteen,6,31,Rainy,0,1,55
2026-02-01 08:00:00,Fresherteria,6,31,Rainy,0,1,32
2026-02-01 08:00:00,Gourmet Extension,6,31,Rainy,0,1,19
2026-02-01 08:00:00,Mingos,6,31,Rainy,0,1,14
2026-02-01 08:00:00,Kiosk,6,31,Rainy,0,1,21
2026-02-01 09:00:00,Main Canteen,6,31,Rainy,0,1,11
2026-02-01 09:00:00,Fresherteria,6,31,Rainy,0,1,27
2026-02-01 09:00:00,Gourmet Extension,6,31,Rainy,0,1,40
2026-02-01 09:00:00,Mingos,6,31,Rainy,0,1,32
2026-02-01 09:00:00,Kiosk,6,31,Rainy,0,1,15
2026-02-01 10:00:00,Main Canteen,6,31,Rainy,0,1,24
2026-02-01 10:00:00,Fresherteria,6,31,Rainy,0,1,23
2026-02-01 10:00:00,Gourmet Extension,6,31,Rainy,0,1,15
2026-02-01 10:00:00,Mingos,6,31,Rainy,0,1,18
2026-02-01 10:00:00,Kiosk,6,31,Rainy,0,1,15
2026-02-01 11:00:00,Main Canteen,6,31,Rainy,0,1,8
2026-02-01 11:00:00,Fresherteria,6,31,Rainy,0,1,25
2026-02-01 11:00:00,Gourmet Extension,6,31,Rainy,0,1,15
2026-02-01 11:00:00,Mingos,6,31,Rainy,0,1,15
2026-02-01 11:00:00,Kiosk,6,31,Rainy,0,1,6
2026-02-01 12:00:00,Main Canteen,6,31,Rainy,0,1,109
2026-02-01 12:00:00,Fresherteria,6,31,Rainy,0,1,70
2026-02-01 12:00:00,Gourmet Extension,6,31,Rainy,0,1,68
2026-02-01 12:00:00,Mingos,6,31,Rainy,0,1,26
2026-02-01 12:00:00,Kiosk,6,31,Rainy,0,1,30
2026-02-01 13:00:00,Main Canteen,6,31,Rainy,0,1,9
2026-02-01 13:00:00,Fresherteria,6,31,Rainy,0,1,61
2026-02-01 13:00:00,Gourmet Extension,6,31,Rainy,0,1,37
2026-02-01 13:00:00,Mingos,6,31,Rainy,0,1,53
2026-02-01 13:00:00,Kiosk,6,31,Rainy,0,1,12
2026-02-01 14:00:00,Main Canteen,6,31,Rainy,0,1,96
2026-02-01 14:00:00,Fresherteria,6,31,Rainy,0,1,61
2026-02-01 14:00:00,Gourmet Extension,6,31,Rainy,0,1,8
2026-02-01 14:00:00,Mingos,6,31,Rainy,0,1,13
2026-02-01 14:00:00,Kiosk,6,31,Rainy,0,1,4
2026-02-01 15:00:00,Main Canteen,6,31,Rainy,0,1,26
2026-02-01 15:00:00,Fresherteria,6,31,Rainy,0,1,23
2026-02-01 15:00:00,Gourmet Extension,6,31,Rainy,0,1,16
2026-02-01 15:00:00,Mingos,6,31,Rainy,0,1,1
2026-02-01 15:00:00,Kiosk,6,31,Rainy,0,1,0
2026-02-01 16:00:00,Main Canteen,6,31,Rainy,0,1,55
2026-02-01 16:00:00,Fresherteria,6,31,Rainy,0,1,36
2026-02-01 16:00:00,Gourmet Extension,6,31,Rainy,0,1,3
2026-02-01 16:00:00,Mingos,6,31,Rainy,0,1,31
2026-02-01 16:00:00,Kiosk,6,31,Rainy,0,1,22
2026-02-01 17:00:00,Main Canteen,6,31,Rainy,0,1,38
2026-02-01 17:00:00,Fresherteria,6,31,Rainy,0,1,29
2026-02-01 17:00:00,Gourmet Extension,6,31,Rainy,0,1,37
2026-02-01 17:00:00,Mingos,6,31,Rainy,0,1,24
2026-02-01 17:00:00,Kiosk,6,31,Rainy,0,1,24
2026-02-01 18:00:00,Main Canteen,6,31,Rainy,0,1,8
2026-02-01 18:00:00,Fresherteria,6,31,Rainy,0,1,17
2026-02-01 18:00:00,Gourmet Extension,6,31,Rainy,0,1,20
2026-02-01 18:00:00,Mingos,6,31,Rainy,0,1,12
2026-02-01 18:00:00,Kiosk,6,31,Rainy,0,1,3
2026-02-02 08:00:00,Main Canteen,0,22,Sunny,0,0,29
2026-02-02 08:00:00,Fresherteria,0,22,Sunny,0,0,64
2026-02-02 08:00:00,Gourmet Extension,0,22,Sunny,0,0,40
2026-02-02 08:00:00,Mingos,0,22,Sunny,0,0,41
2026-02-02 08:00:00,Kiosk,0,22,Sunny,0,0,39
2026-02-02 09:00:00,Main Canteen,0,22,Sunny,0,0,22
2026-02-02 09:00:00,Fresherteria,0,22,Sunny,0,0,35
2026-02-02 09:00:00,Gourmet Extension,0,22,Sunny,0,0,45
2026-02-02 09:00:00,Mingos,0,22,Sunny,0,0,12
2026-02-02 09:00:00,Kiosk,0,22,Sunny,0,0,14
2026-02-02 10:00:00,Main Canteen,0,22,Sunny,0,0,42
2026-02-02 10:00:00,Fresherteria,0,22,Sunny,0,0,8
2026-02-02 10:00:00,Gourmet Extension,0,22,Sunny,0,0,11
2026-02-02 10:00:00,Mingos,0,22,Sunny,0,0,14
2026-02-02 10:00:00,Kiosk,0,22,Sunny,0,0,13
2026-02-02 11:00:00,Main Canteen,0,22,Sunny,0,0,31
2026-02-02 11:00:00,Fresherteria,0,22,Sunny,0,0,12
2026-02-02 11:00:00,Gourmet Extension,0,22,Sunny,0,0,25
2026-02-02 11:00:00,Mingos,0,22,Sunny,0,0,8
2026-02-02 11:00:00,Kiosk,0,22,Sunny,0,0,10
2026-02-02 12:00:00,Main Canteen,0,22,Sunny,0,0,85
2026-02-02 12:00:00,Fresherteria,0,22,Sunny,0,0,47
2026-02-02 12:00:00,Gourmet Extension,0,22,Sunny,0,0,44
2026-02-02 12:00:00,Mingos,0,22,Sunny,0,0,35
2026-02-02 12:00:00,Kiosk,0,22,Sunny,0,0,56
2026-02-02 13:00:00,Main Canteen,0,22,Sunny,0,0,120
2026-02-02 13:00:00,Fresherteria,0,22,Sunny,0,0,72
2026-02-02 13:00:00,Gourmet Extension,0,22,Sunny,0,0,17
2026-02-02 13:00:00,Mingos,0,22,Sunny,0,0,20
2026-02-02 13:00:00,Kiosk,0,22,Sunny,0,0,49
2026-02-02 14:00:00,Main Canteen,0,22,Sunny,0,0,49
2026-02-02 14:00:00,Fresherteria,0,22,Sunny,0,0,38
2026-02-02 14:00:00,Gourmet Extension,0,22,Sunny,0,0,44
2026-02-02 14:00:00,Mingos,0,22,Sunny,0,0,61
2026-02-02 14:00:00,Kiosk,0,22,Sunny,0,0,35
2026-02-02 15:00:00,Main Canteen,0,22,Sunny,0,0,19
2026-02-02 15:00:00,Fresherteria,0,22,Sunny,0,0,36
2026-02-02 15:00:00,Gourmet Extension,0,22,Sunny,0,0,26
2026-02-02 15:00:00,Mingos,0,22,Sunny,0,0,24
2026-02-02 15:00:00,Kiosk,0,22,Sunny,0,0,12
2026-02-02 16:00:00,Main Canteen,0,22,Sunny,0,0,67
2026-02-02 16:00:00,Fresherteria,0,22,Sunny,0,0,58
2026-02-02 16:00:00,Gourmet Extension,0,22,Sunny,0,0,37
2026-02-02 16:00:00,Mingos,0,22,Sunny,0,0,38
2026-02-02 16:00:00,Kiosk,0,22,Sunny,0,0,2
2026-02-02 17:00:00,Main Canteen,0,22,Sunny,0,0,62
2026-02-02 17:00:00,Fresherteria,0,22,Sunny,0,0,50
2026-02-02 17:00:00,Gourmet Extension,0,22,Sunny,0,0,48
2026-02-02 17:00:00,Mingos,0,22,Sunny,0,0,7
2026-02-02 17:00:00,Kiosk,0,22,Sunny,0,0,22
2026-02-02 18:00:00,Main Canteen,0,22,Sunny,0,0,36
2026-02-02 18:00:00,Fresherteria,0,22,Sunny,0,0,3
2026-02-02 18:00:00,Gourmet Extension,0,22,Sunny,0,0,7
2026-02-02 18:00:00,Mingos,0,22,Sunny,0,0,17
2026-02-02 18:00:00,Kiosk,0,22,Sunny,0,0,13
2026-02-03 08:00:00,Main Canteen,1,25,Sunny,0,0,65
2026-02-03 08:00:00,Fresherteria,1,25,Sunny,0,0,41
2026-02-03 08:00:00,Gourmet Extension,1,25,Sunny,0,0,10
2026-02-03 08:00:00,Mingos,1,25,Sunny,0,0,35
2026-02-03 08:00:00,Kiosk,1,25,Sunny,0,0,19
2026-02-03 09:00:00,Main Canteen,1,25,Sunny,0,0,37
2026-02-03 09:00:00,Fresherteria,1,25,Sunny,0,0,66
2026-02-03 09:00:00,Gourmet Extension,1,25,Sunny,0,0,43
2026-02-03 09:00:00,Mingos,1,25,Sunny,0,0,38
2026-02-03 09:00:00,Kiosk,1,25,Sunny,0,0,28
2026-02-03 10:00:00,Main Canteen,1,25,Sunny,0,0,24
2026-02-03 10:00:00,Fresherteria,1,25,Sunny,0,0,25
2026-02-03 10:00:00,Gourmet Extension,1,25,Sunny,0,0,32
2026-02-03 10:00:00,Mingos,1,25,Sunny,0,0,18
2026-02-03 10:00:00,Kiosk,1,25,Sunny,0,0,21
2026-02-03 11:00:00,Main Canteen,1,25,Sunny,0,0,22
2026-02-03 11:00:00,Fresherteria,1,25,Sunny,0,0,15
2026-02-03 11:00:00,Gourmet Extension,1,25,Sunny,0,0,25
2026-02-03 11:00:00,Mingos,1,25,Sunny,0,0,4
2026-02-03 11:00:00,Kiosk,1,25,Sunny,0,0,4
2026-02-03 12:00:00,Main Canteen,1,25,Sunny,0,0,87
2026-02-03 12:00:00,Fresherteria,1,25,Sunny,0,0,54
2026-02-03 12:00:00,Gourmet Extension,1,25,Sunny,0,0,77
2026-02-03 12:00:00,Mingos,1,25,Sunny,0,0,52
2026-02-03 12:00:00,Kiosk,1,25,Sunny,0,0,26
2026-02-03 13:00:00,Main Canteen,1,25,Sunny,0,0,129
2026-02-03 13:00:00,Fresherteria,1,25,Sunny,0,0,100
2026-02-03 13:00:00,Gourmet Extension,1,25,Sunny,0,0,39
2026-02-03 13:00:00,Mingos,1,25,Sunny,0,0,23
2026-02-03 13:00:00,Kiosk,1,25,Sunny,0,0,46
2026-02-03 14:00:00,Main Canteen,1,25,Sunny,0,0,166
2026-02-03 14:00:00,Fresherteria,1,25,Sunny,0,0,61
2026-02-03 14:00:00,Gourmet Extension,1,25,Sunny,0,0,81
2026-02-03 14:00:00,Mingos,1,25,Sunny,0,0,42
2026-02-03 14:00:00,Kiosk,1,25,Sunny,0,0,24
2026-02-03 15:00:00,Main Canteen,1,25,Sunny,0,0,34
2026-02-03 15:00:00,Fresherteria,1,25,Sunny,0,0,12
2026-02-03 15:00:00,Gourmet Extension,1,25,Sunny,0,0,32
2026-02-03 15:00:00,Mingos,1,25,Sunny,0,0,10
2026-02-03 15:00:00,Kiosk,1,25,Sunny,0,0,6
2026-02-03 16:00:00,Main Canteen,1,25,Sunny,0,0,22
2026-02-03 16:00:00,Fresherteria,1,25,Sunny,0,0,38
2026-02-03 16:00:00,Gourmet Extension,1,25,Sunny,0,0,38
2026-02-03 16:00:00,Mingos,1,25,Sunny,0,0,40
2026-02-03 16:00:00,Kiosk,1,25,Sunny,0,0,28
2026-02-03 17:00:00,Main Canteen,1,25,Sunny,0,0,28
2026-02-03 17:00:00,Fresherteria,1,25,Sunny,0,0,7
2026-02-03 17:00:00,Gourmet Extension,1,25,Sunny,0,0,27
2026-02-03 17:00:00,Mingos,1,25,Sunny,0,0,33
2026-02-03 17:00:00,Kiosk,1,25,Sunny,0,0,10
2026-02-03 18:00:00,Main Canteen,1,25,Sunny,0,0,44
2026-02-03 18:00:00,Fresherteria,1,25,Sunny,0,0,25
2026-02-03 18:00:00,Gourmet Extension,1,25,Sunny,0,0,34
2026-02-03 18:00:00,Mingos,1,25,Sunny,0,0,14
2026-02-03 18:00:00,Kiosk,1,25,Sunny,0,0,9
2026-02-04 08:00:00,Main Canteen,2,34,Rainy,0,0,96
2026-02-04 08:00:00,Fresherteria,2,34,Rainy,0,0,62
2026-02-04 08:00:00,Gourmet Extension,2,34,Rainy,0,0,46
2026-02-04 08:00:00,Mingos,2,34,Rainy,0,0,14
2026-02-04 08:00:00,Kiosk,2,34,Rainy,0,0,21
2026-02-04 09:00:00,Main Canteen,2,34,Rainy,0,0,114
2026-02-04 09:00:00,Fresherteria,2,34,Rainy,0,0,59
2026-02-04 09:00:00,Gourmet Extension,2,34,Rainy,0,0,88
2026-02-04 09:00:00,Mingos,2,34,Rainy,0,0,15
2026-02-04 09:00:00,Kiosk,2,34,Rainy,0,0,40
2026-02-04 10:00:00,Main Canteen,2,34,Rainy,0,0,50
2026-02-04 10:00:00,Fresherteria,2,34,Rainy,0,0,20
2026-02-04 10:00:00,Gourmet Extension,2,34,Rainy,0,0,30
2026-02-04 10:00:00,Mingos,2,34,Rainy,0,0,25
2026-02-04 10:00:00,Kiosk,2,34,Rainy,0,0,7
2026-02-04 11:00:00,Main Canteen,2,34,Rainy,0,0,28
2026-02-04 11:00:00,Fresherteria,2,34,Rainy,0,0,36
2026-02-04 11:00:00,Gourmet Extension,2,34,Rainy,0,0,31
2026-02-04 11:00:00,Mingos,2,34,Rainy,0,0,10
2026-02-04 11:00:00,Kiosk,2,34,Rainy,0,0,37
2026-02-04 12:00:00,Main Canteen,2,34,Rainy,0,0,226
2026-02-04 12:00:00,Fresherteria,2,34,Rainy,0,0,115
2026-02-04 12:00:00,Gourmet Extension,2,34,Rainy,0,0,133
2026-02-04 12:00:00,Mingos,2,34,Rainy,0,0,105
2026-02-04 12:00:00,Kiosk,2,34,Rainy,0,0,19
2026-02-04 13:00:00,Main Canteen,2,34,Rainy,0,0,131
2026-02-04 13:00:00,Fresherteria,2,34,Rainy,0,0,96
2026-02-04 13:00:00,Gourmet Extension,2,34,Rainy,0,0,50
2026-02-04 13:00:00,Mingos,2,34,Rainy,0,0,122
2026-02-04 13:00:00,Kiosk,2,34,Rainy,0,0,40
2026-02-04 14:00:00,Main Canteen,2,34,Rainy,0,0,241
2026-02-04 14:00:00,Fresherteria,2,34,Rainy,0,0,72
2026-02-04 14:00:00,Gourmet Extension,2,34,Rainy,0,0,116
2026-02-04 14:00:00,Mingos,2,34,Rainy,0,0,108
2026-02-04 14:00:00,Kiosk,2,34,Rainy,0,0,93
2026-02-04 15:00:00,Main Canteen,2,34,Rainy,0,0,57
2026-02-04 15:00:00,Fresherteria,2,34,Rainy,0,0,44
2026-02-04 15:00:00,Gourmet Extension,2,34,Rainy,0,0,25
2026-02-04 15:00:00,Mingos,2,34,Rainy,0,0,29
2026-02-04 15:00:00,Kiosk,2,34,Rainy,0,0,28
2026-02-04 16:00:00,Main Canteen,2,34,Rainy,0,0,110
2026-02-04 16:00:00,Fresherteria,2,34,Rainy,0,0,25
2026-02-04 16:00:00,Gourmet Extension,2,34,Rainy,0,0,80
2026-02-04 16:00:00,Mingos,2,34,Rainy,0,0,55
2026-02-04 16:00:00,Kiosk,2,34,Rainy,0,0,12
2026-02-04 17:00:00,Main Canteen,2,34,Rainy,0,0,26
2026-02-04 17:00:00,Fresherteria,2,34,Rainy,0,0,89
2026-02-04 17:00:00,Gourmet Extension,2,34,Rainy,0,0,83
2026-02-04 17:00:00,Mingos,2,34,Rainy,0,0,31
2026-02-04 17:00:00,Kiosk,2,34,Rainy,0,0,49
2026-02-04 18:00:00,Main Canteen,2,34,Rainy,0,0,54
2026-02-04 18:00:00,Fresherteria,2,34,Rainy,0,0,19
2026-02-04 18:00:00,Gourmet Extension,2,34,Rainy,0,0,10
2026-02-04 18:00:00,Mingos,2,34,Rainy,0,0,26
2026-02-04 18:00:00,Kiosk,2,34,Rainy,0,0,26
2026-02-05 08:00:00,Main Canteen,3,32,Cloudy,0,0,61
2026-02-05 08:00:00,Fresherteria,3,32,Cloudy,0,0,45
2026-02-05 08:00:00,Gourmet Extension,3,32,Cloudy,0,0,51
2026-02-05 08:00:00,Mingos,3,32,Cloudy,0,0,50
2026-02-05 08:00:00,Kiosk,3,32,Cloudy,0,0,28
2026-02-05 09:00:00,Main Canteen,3,32,Cloudy,0,0,82
2026-02-05 09:00:00,Fresherteria,3,32,Cloudy,0,0,38
2026-02-05 09:00:00,Gourmet Extension,3,32,Cloudy,0,0,38
2026-02-05 09:00:00,Mingos,3,32,Cloudy,0,0,9
2026-02-05 09:00:00,Kiosk,3,32,Cloudy,0,0,8
2026-02-05 10:00:00,Main Canteen,3,32,Cloudy,0,0,15
2026-02-05 10:00:00,Fresherteria,3,32,Cloudy,0,0,5
2026-02-05 10:00:00,Gourmet Extension,3,32,Cloudy,0,0,17
2026-02-05 10:00:00,Mingos,3,32,Cloudy,0,0,18
2026-02-05 10:00:00,Kiosk,3,32,Cloudy,0,0,10
2026-02-05 11:00:00,Main Canteen,3,32,Cloudy,0,0,5
2026-02-05 11:00:00,Fresherteria,3,32,Cloudy,0,0,34
2026-02-05 11:00:00,Gourmet Extension,3,32,Cloudy,0,0,27
2026-02-05 11:00:00,Mingos,3,32,Cloudy,0,0,2
2026-02-05 11:00:00,Kiosk,3,32,Cloudy,0,0,3
2026-02-05 12:00:00,Main Canteen,3,32,Cloudy,0,0,164
2026-02-05 12:00:00,Fresherteria,3,32,Cloudy,0,0,80
2026-02-05 12:00:00,Gourmet Extension,3,32,Cloudy,0,0,20
2026-02-05 12:00:00,Mingos,3,32,Cloudy,0,0,75
2026-02-05 12:00:00,Kiosk,3,32,Cloudy,0,0,48
2026-02-05 13:00:00,Main Canteen,3,32,Cloudy,0,0,133
2026-02-05 13:00:00,Fresherteria,3,32,Cloudy,0,0,86
2026-02-05 13:00:00,Gourmet Extension,3,32,Cloudy,0,0,58
2026-02-05 13:00:00,Mingos,3,32,Cloudy,0,0,78
2026-02-05 13:00:00,Kiosk,3,32,Cloudy,0,0,18
2026-02-05 14:00:00,Main Canteen,3,32,Cloudy,0,0,81
2026-02-05 14:00:00,Fresherteria,3,32,Cloudy,0,0,103
2026-02-05 14:00:00,Gourmet Extension,3,32,Cloudy,0,0,28
2026-02-05 14:00:00,Mingos,3,32,Cloudy,0,0,39
2026-02-05 14:00:00,Kiosk,3,32,Cloudy,0,0,46
2026-02-05 15:00:00,Main Canteen,3,32,Cloudy,0,0,19
2026-02-05 15:00:00,Fresherteria,3,32,Cloudy,0,0,25
2026-02-05 15:00:00,Gourmet Extension,3,32,Cloudy,0,0,8
2026-02-05 15:00:00,Mingos,3,32,Cloudy,0,0,4
2026-02-05 15:00:00,Kiosk,3,32,Cloudy,0,0,13
2026-02-05 16:00:00,Main Canteen,3,32,Cloudy,0,0,24
2026-02-05 16:00:00,Fresherteria,3,32,Cloudy,0,0,56
2026-02-05 16:00:00,Gourmet Extension,3,32,Cloudy,0,0,26
2026-02-05 16:00:00,Mingos,3,32,Cloudy,0,0,26
2026-02-05 16:00:00,Kiosk,3,32,Cloudy,0,0,11
2026-02-05 17:00:00,Main Canteen,3,32,Cloudy,0,0,72
2026-02-05 17:00:00,Fresherteria,3,32,Cloudy,0,0,41
2026-02-05 17:00:00,Gourmet Extension,3,32,Cloudy,0,0,61
2026-02-05 17:00:00,Mingos,3,32,Cloudy,0,0,13
2026-02-05 17:00:00,Kiosk,3,32,Cloudy,0,0,34
2026-02-05 18:00:00,Main Canteen,3,32,Cloudy,0,0,49
2026-02-05 18:00:00,Fresherteria,3,32,Cloudy,0,0,31
2026-02-05 18:00:00,Gourmet Extension,3,32,Cloudy,0,0,10
2026-02-05 18:00:00,Mingos,3,32,Cloudy,0,0,21
2026-02-05 18:00:00,Kiosk,3,32,Cloudy,0,0,18
2026-02-06 08:00:00,Main Canteen,4,34,Cloudy,1,0,66
2026-02-06 08:00:00,Fresherteria,4,34,Cloudy,1,0,89
2026-02-06 08:00:00,Gourmet Extension,4,34,Cloudy,1,0,30
2026-02-06 08:00:00,Mingos,4,34,Cloudy,1,0,23
2026-02-06 08:00:00,Kiosk,4,34,Cloudy,1,0,13
2026-02-06 09:00:00,Main Canteen,4,34,Cloudy,1,0,36
2026-02-06 09:00:00,Fresherteria,4,34,Cloudy,1,0,33
2026-02-06 09:00:00,Gourmet Extension,4,34,Cloudy,1,0,72
2026-02-06 09:00:00,Mingos,4,34,Cloudy,1,0,64
2026-02-06 09:00:00,Kiosk,4,34,Cloudy,1,0,54
2026-02-06 10:00:00,Main Canteen,4,34,Cloudy,1,0,50
2026-02-06 10:00:00,Fresherteria,4,34,Cloudy,1,0,23
2026-02-06 10:00:00,Gourmet Extension,4,34,Cloudy,1,0,40
2026-02-06 10:00:00,Mingos,4,34,Cloudy,1,0,27
2026-02-06 10:00:00,Kiosk,4,34,Cloudy,1,0,34
2026-02-06 11:00:00,Main Canteen,4,34,Cloudy,1,0,26
2026-02-06 11:00:00,Fresherteria,4,34,Cloudy,1,0,21
2026-02-06 11:00:00,Gourmet Extension,4,34,Cloudy,1,0,16
2026-02-06 11:00:00,Mingos,4,34,Cloudy,1,0,15
2026-02-06 11:00:00,Kiosk,4,34,Cloudy,1,0,20
2026-02-06 12:00:00,Main Canteen,4,34,Cloudy,1,0,159
2026-02-06 12:00:00,Fresherteria,4,34,Cloudy,1,0,58
2026-02-06 12:00:00,Gourmet Extension,4,34,Cloudy,1,0,118
2026-02-06 12:00:00,Mingos,4,34,Cloudy,1,0,28
2026-02-06 12:00:00,Kiosk,4,34,Cloudy,1,0,57
2026-02-06 13:00:00,Main Canteen,4,34,Cloudy,1,0,238
2026-02-06 13:00:00,Fresherteria,4,34,Cloudy,1,0,146
2026-02-06 13:00:00,Gourmet Extension,4,34,Cloudy,1,0,32
2026-02-06 13:00:00,Mingos,4,34,Cloudy,1,0,41
2026-02-06 13:00:00,Kiosk,4,34,Cloudy,1,0,55
2026-02-06 14:00:00,Main Canteen,4,34,Cloudy,1,0,75
2026-02-06 14:00:00,Fresherteria,4,34,Cloudy,1,0,43
2026-02-06 14:00:00,Gourmet Extension,4,34,Cloudy,1,0,113
2026-02-06 14:00:00,Mingos,4,34,Cloudy,1,0,86
2026-02-06 14:00:00,Kiosk,4,34,Cloudy,1,0,50
2026-02-06 15:00:00,Main Canteen,4,34,Cloudy,1,0,29
2026-02-06 15:00:00,Fresherteria,4,34,Cloudy,1,0,32
2026-02-06 15:00:00,Gourmet Extension,4,34,Cloudy,1,0,49
2026-02-06 15:00:00,Mingos,4,34,Cloudy,1,0,11
2026-02-06 15:00:00,Kiosk,4,34,Cloudy,1,0,16
2026-02-06 16:00:00,Main Canteen,4,34,Cloudy,1,0,49
2026-02-06 16:00:00,Fresherteria,4,34,Cloudy,1,0,34
2026-02-06 16:00:00,Gourmet Extension,4,34,Cloudy,1,0,36
2026-02-06 16:00:00,Mingos,4,34,Cloudy,1,0,22
2026-02-06 16:00:00,Kiosk,4,34,Cloudy,1,0,46
2026-02-06 17:00:00,Main Canteen,4,34,Cloudy,1,0,23
2026-02-06 17:00:00,Fresherteria,4,34,Cloudy,1,0,40
2026-02-06 17:00:00,Gourmet Extension,4,34,Cloudy,1,0,28
2026-02-06 17:00:00,Mingos,4,34,Cloudy,1,0,54
2026-02-06 17:00:00,Kiosk,4,34,Cloudy,1,0,22
2026-02-06 18:00:00,Main Canteen,4,34,Cloudy,1,0,52
2026-02-06 18:00:00,Fresherteria,4,34,Cloudy,1,0,12
2026-02-06 18:00:00,Gourmet Extension,4,34,Cloudy,1,0,50
2026-02-06 18:00:00,Mingos,4,34,Cloudy,1,0,11
2026-02-06 18:00:00,Kiosk,4,34,Cloudy,1,0,1
2026-02-07 08:00:00,Main Canteen,5,23,Sunny,0,0,8
2026-02-07 08:00:00,Fresherteria,5,23,Sunny,0,0,2
2026-02-07 08:00:00,Gourmet Extension,5,23,Sunny,0,0,14
2026-02-07 08:00:00,Mingos,5,23,Sunny,0,0,0
2026-02-07 08:00:00,Kiosk,5,23,Sunny,0,0,11
2026-02-07 09:00:00,Main Canteen,5,23,Sunny,0,0,15
2026-02-07 09:00:00,Fresherteria,5,23,Sunny,0,0,17
2026-02-07 09:00:00,Gourmet Extension,5,23,Sunny,0,0,7
2026-02-07 09:00:00,Mingos,5,23,Sunny,0,0,12
2026-02-07 09:00:00,Kiosk,5,23,Sunny,0,0,0
2026-02-07 10:00:00,Main Canteen,5,23,Sunny,0,0,19
2026-02-07 10:00:00,Fresherteria,5,23,Sunny,0,0,0
2026-02-07 10:00:00,Gourmet Extension,5,23,Sunny,0,0,7
2026-02-07 10:00:00,Mingos,5,23,Sunny,0,0,1
2026-02-07 10:00:00,Kiosk,5,23,Sunny,0,0,9
2026-02-07 11:00:00,Main Canteen,5,23,Sunny,0,0,14
2026-02-07 11:00:00,Fresherteria,5,23,Sunny,0,0,7
2026-02-07 11:00:00,Gourmet Extension,5,23,Sunny,0,0,1
2026-02-07 11:00:00,Mingos,5,23,Sunny,0,0,15
2026-02-07 11:00:00,Kiosk,5,23,Sunny,0,0,10
2026-02-07 12:00:00,Main Canteen,5,23,Sunny,0,0,4
2026-02-07 12:00:00,Fresherteria,5,23,Sunny,0,0,18
2026-02-07 12:00:00,Gourmet Extension,5,23,Sunny,0,0,5
2026-02-07 12:00:00,Mingos,5,23,Sunny,0,0,16
2026-02-07 12:00:00,Kiosk,5,23,Sunny,0,0,18
2026-02-07 13:00:00,Main Canteen,5,23,Sunny,0,0,31
2026-02-07 13:00:00,Fresherteria,5,23,Sunny,0,0,0
2026-02-07 13:00:00,Gourmet Extension,5,23,Sunny,0,0,4
2026-02-07 13:00:00,Mingos,5,23,Sunny,0,0,2
2026-02-07 13:00:00,Kiosk,5,23,Sunny,0,0,1
2026-02-07 14:00:00,Main Canteen,5,23,Sunny,0,0,44
2026-02-07 14:00:00,Fresherteria,5,23,Sunny,0,0,45
2026-02-07 14:00:00,Gourmet Extension,5,23,Sunny,0,0,2
2026-02-07 14:00:00,Mingos,5,23,Sunny,0,0,21
2026-02-07 14:00:00,Kiosk,5,23,Sunny,0,0,1
2026-02-07 15:00:00,Main Canteen,5,23,Sunny,0,0,14
2026-02-07 15:00:00,Fresherteria,5,23,Sunny,0,0,12
2026-02-07 15:00:00,Gourmet Extension,5,23,Sunny,0,0,0
2026-02-07 15:00:00,Mingos,5,23,Sunny,0,0,4
2026-02-07 15:00:00,Kiosk,5,23,Sunny,0,0,3
2026-02-07 16:00:00,Main Canteen,5,23,Sunny,0,0,8
2026-02-07 16:00:00,Fresherteria,5,23,Sunny,0,0,2
2026-02-07 16:00:00,Gourmet Extension,5,23,Sunny,0,0,2
2026-02-07 16:00:00,Mingos,5,23,Sunny,0,0,0
2026-02-07 16:00:00,Kiosk,5,23,Sunny,0,0,6
2026-02-07 17:00:00,Main Canteen,5,23,Sunny,0,0,8
2026-02-07 17:00:00,Fresherteria,5,23,Sunny,0,0,24
2026-02-07 17:00:00,Gourmet Extension,5,23,Sunny,0,0,13
2026-02-07 17:00:00,Mingos,5,23,Sunny,0,0,6
2026-02-07 17:00:00,Kiosk,5,23,Sunny,0,0,14
2026-02-07 18:00:00,Main Canteen,5,23,Sunny,0,0,2
2026-02-07 18:00:00,Fresherteria,5,23,Sunny,0,0,9
2026-02-07 18:00:00,Gourmet Extension,5,23,Sunny,0,0,7
2026-02-07 18:00:00,Mingos,5,23,Sunny,0,0,4
2026-02-07 18:00:00,Kiosk,5,23,Sunny,0,0,5
2026-02-08 08:00:00,Main Canteen,6,24,Rainy,0,0,40
2026-02-08 08:00:00,Fresherteria,6,24,Rainy,0,0,8
2026-02-08 08:00:00,Gourmet Extension,6,24,Rainy,0,0,17
2026-02-08 08:00:00,Mingos,6,24,Rainy,0,0,6
2026-02-08 08:00:00,Kiosk,6,24,Rainy,0,0,0
2026-02-08 09:00:00,Main Canteen,6,24,Rainy,0,0,8
2026-02-08 09:00:00,Fresherteria,6,24,Rainy,0,0,34
2026-02-08 09:00:00,Gourmet Extension,6,24,Rainy,0,0,27
2026-02-08 09:00:00,Mingos,6,24,Rainy,0,0,6
2026-02-08 09:00:00,Kiosk,6,24,Rainy,0,0,1
2026-02-08 10:00:00,Main Canteen,6,24,Rainy,0,0,7
2026-02-08 10:00:00,Fresherteria,6,24,Rainy,0,0,3
2026-02-08 10:00:00,Gourmet Extension,6,24,Rainy,0,0,10
2026-02-08 10:00:00,Mingos,6,24,Rainy,0,0,14
2026-02-08 10:00:00,Kiosk,6,24,Rainy,0,0,3
2026-02-08 11:00:00,Main Canteen,6,24,Rainy,0,0,10
2026-02-08 11:00:00,Fresherteria,6,24,Rainy,0,0,7
2026-02-08 11:00:00,Gourmet Extension,6,24,Rainy,0,0,9
2026-02-08 11:00:00,Mingos,6,24,Rainy,0,0,8
2026-02-08 11:00:00,Kiosk,6,24,Rainy,0,0,3
2026-02-08 12:00:00,Main Canteen,6,24,Rainy,0,0,73
2026-02-08 12:00:00,Fresherteria,6,24,Rainy,0,0,13
2026-02-08 12:00:00,Gourmet Extension,6,24,Rainy,0,0,47
2026-02-08 12:00:00,Mingos,6,24,Rainy,0,0,0
2026-02-08 12:00:00,Kiosk,6,24,Rainy,0,0,10
2026-02-08 13:00:00,Main Canteen,6,24,Rainy,0,0,15
2026-02-08 13:00:00,Fresherteria,6,24,Rainy,0,0,18
2026-02-08 13:00:00,Gourmet Extension,6,24,Rainy,0,0,30
2026-02-08 13:00:00,Mingos,6,24,Rainy,0,0,33
2026-02-08 13:00:00,Kiosk,6,24,Rainy,0,0,1
2026-02-08 14:00:00,Main Canteen,6,24,Rainy,0,0,65
2026-02-08 14:00:00,Fresherteria,6,24,Rainy,0,0,54
2026-02-08 14:00:00,Gourmet Extension,6,24,Rainy,0,0,3
2026-02-08 14:00:00,Mingos,6,24,Rainy,0,0,15
2026-02-08 14:00:00,Kiosk,6,24,Rainy,0,0,12
2026-02-08 15:00:00,Main Canteen,6,24,Rainy,0,0,20
2026-02-08 15:00:00,Fresherteria,6,24,Rainy,0,0,11
2026-02-08 15:00:00,Gourmet Extension,6,24,Rainy,0,0,2
2026-02-08 15:00:00,Mingos,6,24,Rainy,0,0,6
2026-02-08 15:00:00,Kiosk,6,24,Rainy,0,0,0
2026-02-08 16:00:00,Main Canteen,6,24,Rainy,0,0,17
2026-02-08 16:00:00,Fresherteria,6,24,Rainy,0,0,17
2026-02-08 16:00:00,Gourmet Extension,6,24,Rainy,0,0,9
2026-02-08 16:00:00,Mingos,6,24,Rainy,0,0,16
2026-02-08 16:00:00,Kiosk,6,24,Rainy,0,0,8
2026-02-08 17:00:00,Main Canteen,6,24,Rainy,0,0,25
2026-02-08 17:00:00,Fresherteria,6,24,Rainy,0,0,37
2026-02-08 17:00:00,Gourmet Extension,6,24,Rainy,0,0,17
2026-02-08 17:00:00,Mingos,6,24,Rainy,0,0,10
2026-02-08 17:00:00,Kiosk,6,24,Rainy,0,0,0
2026-02-08 18:00:00,Main Canteen,6,24,Rainy,0,0,7
2026-02-08 18:00:00,Fresherteria,6,24,Rainy,0,0,9
2026-02-08 18:00:00,Gourmet Extension,6,24,Rainy,0,0,16
2026-02-08 18:00:00,Mingos,6,24,Rainy,0,0,14
2026-02-08 18:00:00,Kiosk,6,24,Rainy,0,0,15
2026-02-09 08:00:00,Main Canteen,0,26,Cloudy,0,0,77
2026-02-09 08:00:00,Fresherteria,0,26,Cloudy,0,0,38
2026-02-09 08:00:00,Gourmet Extension,0,26,Cloudy,0,0,18
2026-02-09 08:00:00,Mingos,0,26,Cloudy,0,0,16
2026-02-09 08:00:00,Kiosk,0,26,Cloudy,0,0,21
2026-02-09 09:00:00,Main Canteen,0,26,Cloudy,0,0,21
2026-02-09 09:00:00,Fresherteria,0,26,Cloudy,0,0,21
2026-02-09 09:00:00,Gourmet Extension,0,26,Cloudy,0,0,44
2026-02-09 09:00:00,Mingos,0,26,Cloudy,0,0,3
2026-02-09 09:00:00,Kiosk,0,26,Cloudy,0,0,29
2026-02-09 10:00:00,Main Canteen,0,26,Cloudy,0,0,12
2026-02-09 10:00:00,Fresherteria,0,26,Cloudy,0,0,13
2026-02-09 10:00:00,Gourmet Extension,0,26,Cloudy,0,0,10
2026-02-09 10:00:00,Mingos,0,26,Cloudy,0,0,26
2026-02-09 10:00:00,Kiosk,0,26,Cloudy,0,0,1
2026-02-09 11:00:00,Main Canteen,0,26,Cloudy,0,0,40
2026-02-09 11:00:00,Fresherteria,0,26,Cloudy,0,0,37
2026-02-09 11:00:00,Gourmet Extension,0,26,Cloudy,0,0,18
2026-02-09 11:00:00,Mingos,0,26,Cloudy,0,0,5
2026-02-09 11:00:00,Kiosk,0,26,Cloudy,0,0,18
2026-02-09 12:00:00,Main Canteen,0,26,Cloudy,0,0,112
2026-02-09 12:00:00,Fresherteria,0,26,Cloudy,0,0,70
2026-02-09 12:00:00,Gourmet Extension,0,26,Cloudy,0,0,54
2026-02-09 12:00:00,Mingos,0,26,Cloudy,0,0,36
2026-02-09 12:00:00,Kiosk,0,26,Cloudy,0,0,67
2026-02-09 13:00:00,Main Canteen,0,26,Cloudy,0,0,144
2026-02-09 13:00:00,Fresherteria,0,26,Cloudy,0,0,98
2026-02-09 13:00:00,Gourmet Extension,0,26,Cloudy,0,0,54
2026-02-09 13:00:00,Mingos,0,26,Cloudy,0,0,33
2026-02-09 13:00:00,Kiosk,0,26,Cloudy,0,0,23
2026-02-09 14:00:00,Main Canteen,0,26,Cloudy,0,0,139
2026-02-09 14:00:00,Fresherteria,0,26,Cloudy,0,0,110
2026-02-09 14:00:00,Gourmet Extension,0,26,Cloudy,0,0,87
2026-02-09 14:00:00,Mingos,0,26,Cloudy,0,0,82
2026-02-09 14:00:00,Kiosk,0,26,Cloudy,0,0,72
2026-02-09 15:00:00,Main Canteen,0,26,Cloudy,0,0,26
2026-02-09 15:00:00,Fresherteria,0,26,Cloudy,0,0,15
2026-02-09 15:00:00,Gourmet Extension,0,26,Cloudy,0,0,20
2026-02-09 15:00:00,Mingos,0,26,Cloudy,0,0,19
2026-02-09 15:00:00,Kiosk,0,26,Cloudy,0,0,20
2026-02-09 16:00:00,Main Canteen,0,26,Cloudy,0,0,49
2026-02-09 16:00:00,Fresherteria,0,26,Cloudy,0,0,19
2026-02-09 16:00:00,Gourmet Extension,0,26,Cloudy,0,0,23
2026-02-09 16:00:00,Mingos,0,26,Cloudy,0,0,37
2026-02-09 16:00:00,Kiosk,0,26,Cloudy,0,0,17
2026-02-09 17:00:00,Main Canteen,0,26,Cloudy,0,0,58
2026-02-09 17:00:00,Fresherteria,0,26,Cloudy,0,0,25
2026-02-09 17:00:00,Gourmet Extension,0,26,Cloudy,0,0,58
2026-02-09 17:00:00,Mingos,0,26,Cloudy,0,0,19
2026-02-09 17:00:00,Kiosk,0,26,Cloudy,0,0,3
2026-02-09 18:00:00,Main Canteen,0,26,Cloudy,0,0,31
2026-02-09 18:00:00,Fresherteria,0,26,Cloudy,0,0,34
2026-02-09 18:00:00,Gourmet Extension,0,26,Cloudy,0,0,23
2026-02-09 18:00:00,Mingos,0,26,Cloudy,0,0,9
2026-02-09 18:00:00,Kiosk,0,26,Cloudy,0,0,27
2026-02-10 08:00:00,Main Canteen,1,29,Sunny,0,0,87
2026-02-10 08:00:00,Fresherteria,1,29,Sunny,0,0,49
2026-02-10 08:00:00,Gourmet Extension,1,29,Sunny,0,0,56
2026-02-10 08:00:00,Mingos,1,29,Sunny,0,0,13
2026-02-10 08:00:00,Kiosk,1,29,Sunny,0,0,33
2026-02-10 09:00:00,Main Canteen,1,29,Sunny,0,0,63
2026-02-10 09:00:00,Fresherteria,1,29,Sunny,0,0,46
2026-02-10 09:00:00,Gourmet Extension,1,29,Sunny,0,0,51
2026-02-10 09:00:00,Mingos,1,29,Sunny,0,0,19
2026-02-10 09:00:00,Kiosk,1,29,Sunny,0,0,12
2026-02-10 10:00:00,Main Canteen,1,29,Sunny,0,0,32
2026-02-10 10:00:00,Fresherteria,1,29,Sunny,0,0,19
2026-02-10 10:00:00,Gourmet Extension,1,29,Sunny,0,0,28
2026-02-10 10:00:00,Mingos,1,29,Sunny,0,0,19
2026-02-10 10:00:00,Kiosk,1,29,Sunny,0,0,1
2026-02-10 11:00:00,Main Canteen,1,29,Sunny,0,0,28
2026-02-10 11:00:00,Fresherteria,1,29,Sunny,0,0,11
2026-02-10 11:00:00,Gourmet Extension,1,29,Sunny,0,0,20
2026-02-10 11:00:00,Mingos,1,29,Sunny,0,0,11
2026-02-10 11:00:00,Kiosk,1,29,Sunny,0,0,4
2026-02-10 12:00:00,Main Canteen,1,29,Sunny,0,0,54
2026-02-10 12:00:00,Fresherteria,1,29,Sunny,0,0,51
2026-02-10 12:00:00,Gourmet Extension,1,29,Sunny,0,0,31
2026-02-10 12:00:00,Mingos,1,29,Sunny,0,0,73
2026-02-10 12:00:00,Kiosk,1,29,Sunny,0,0,65
2026-02-10 13:00:00,Main Canteen,1,29,Sunny,0,0,71
2026-02-10 13:00:00,Fresherteria,1,29,Sunny,0,0,97
2026-02-10 13:00:00,Gourmet Extension,1,29,Sunny,0,0,72
2026-02-10 13:00:00,Mingos,1,29,Sunny,0,0,54
2026-02-10 13:00:00,Kiosk,1,29,Sunny,0,0,59
2026-02-10 14:00:00,Main Canteen,1,29,Sunny,0,0,130
2026-02-10 14:00:00,Fresherteria,1,29,Sunny,0,0,62
2026-02-10 14:00:00,Gourmet Extension,1,29,Sunny,0,0,29
2026-02-10 14:00:00,Mingos,1,29,Sunny,0,0,77
2026-02-10 14:00:00,Kiosk,1,29,Sunny,0,0,51
2026-02-10 15:00:00,Main Canteen,1,29,Sunny,0,0,42
2026-02-10 15:00:00,Fresherteria,1,29,Sunny,0,0,24
2026-02-10 15:00:00,Gourmet Extension,1,29,Sunny,0,0,16
2026-02-10 15:00:00,Mingos,1,29,Sunny,0,0,18
2026-02-10 15:00:00,Kiosk,1,29,Sunny,0,0,15
2026-02-10 16:00:00,Main Canteen,1,29,Sunny,0,0,37
2026-02-10 16:00:00,Fresherteria,1,29,Sunny,0,0,10
2026-02-10 16:00:00,Gourmet Extension,1,29,Sunny,0,0,48
2026-02-10 16:00:00,Mingos,1,29,Sunny,0,0,30
2026-02-10 16:00:00,Kiosk,1,29,Sunny,0,0,33
2026-02-10 17:00:00,Main Canteen,1,29,Sunny,0,0,77
2026-02-10 17:00:00,Fresherteria,1,29,Sunny,0,0,33
2026-02-10 17:00:00,Gourmet Extension,1,29,Sunny,0,0,27
2026-02-10 17:00:00,Mingos,1,29,Sunny,0,0,32
2026-02-10 17:00:00,Kiosk,1,29,Sunny,0,0,28
2026-02-10 18:00:00,Main Canteen,1,29,Sunny,0,0,5
2026-02-10 18:00:00,Fresherteria,1,29,Sunny,0,0,42
2026-02-10 18:00:00,Gourmet Extension,1,29,Sunny,0,0,27
2026-02-10 18:00:00,Mingos,1,29,Sunny,0,0,18
2026-02-10 18:00:00,Kiosk,1,29,Sunny,0,0,20
2026-02-11 08:00:00,Main Canteen,2,30,Sunny,1,1,31
2026-02-11 08:00:00,Fresherteria,2,30,Sunny,1,1,42
2026-02-11 08:00:00,Gourmet Extension,2,30,Sunny,1,1,77
2026-02-11 08:00:00,Mingos,2,30,Sunny,1,1,66
2026-02-11 08:00:00,Kiosk,2,30,Sunny,1,1,34
2026-02-11 09:00:00,Main Canteen,2,30,Sunny,1,1,114
2026-02-11 09:00:00,Fresherteria,2,30,Sunny,1,1,118
2026-02-11 09:00:00,Gourmet Extension,2,30,Sunny,1,1,60
2026-02-11 09:00:00,Mingos,2,30,Sunny,1,1,47
2026-02-11 09:00:00,Kiosk,2,30,Sunny,1,1,44
2026-02-11 10:00:00,Main Canteen,2,30,Sunny,1,1,61
2026-02-11 10:00:00,Fresherteria,2,30,Sunny,1,1,22
2026-02-11 10:00:00,Gourmet Extension,2,30,Sunny,1,1,47
2026-02-11 10:00:00,Mingos,2,30,Sunny,1,1,38
2026-02-11 10:00:00,Kiosk,2,30,Sunny,1,1,9
2026-02-11 11:00:00,Main Canteen,2,30,Sunny,1,1,52
2026-02-11 11:00:00,Fresherteria,2,30,Sunny,1,1,58
2026-02-11 11:00:00,Gourmet Extension,2,30,Sunny,1,1,30
2026-02-11 11:00:00,Mingos,2,30,Sunny,1,1,14
2026-02-11 11:00:00,Kiosk,2,30,Sunny,1,1,28
2026-02-11 12:00:00,Main Canteen,2,30,Sunny,1,1,111
2026-02-11 12:00:00,Fresherteria,2,30,Sunny,1,1,211
2026-02-11 12:00:00,Gourmet Extension,2,30,Sunny,1,1,116
2026-02-11 12:00:00,Mingos,2,30,Sunny,1,1,33
2026-02-11 12:00:00,Kiosk,2,30,Sunny,1,1,66
2026-02-11 13:00:00,Main Canteen,2,30,Sunny,1,1,248
2026-02-11 13:00:00,Fresherteria,2,30,Sunny,1,1,69
2026-02-11 13:00:00,Gourmet Extension,2,30,Sunny,1,1,166
2026-02-11 13:00:00,Mingos,2,30,Sunny,1,1,157
2026-02-11 13:00:00,Kiosk,2,30,Sunny,1,1,23
2026-02-11 14:00:00,Main Canteen,2,30,Sunny,1,1,235
2026-02-11 14:00:00,Fresherteria,2,30,Sunny,1,1,171
2026-02-11 14:00:00,Gourmet Extension,2,30,Sunny,1,1,209
2026-02-11 14:00:00,Mingos,2,30,Sunny,1,1,81
2026-02-11 14:00:00,Kiosk,2,30,Sunny,1,1,44
2026-02-11 15:00:00,Main Canteen,2,30,Sunny,1,1,51
2026-02-11 15:00:00,Fresherteria,2,30,Sunny,1,1,17
2026-02-11 15:00:00,Gourmet Extension,2,30,Sunny,1,1,50
2026-02-11 15:00:00,Mingos,2,30,Sunny,1,1,12
2026-02-11 15:00:00,Kiosk,2,30,Sunny,1,1,16
2026-02-11 16:00:00,Main Canteen,2,30,Sunny,1,1,137
2026-02-11 16:00:00,Fresherteria,2,30,Sunny,1,1,48
2026-02-11 16:00:00,Gourmet Extension,2,30,Sunny,1,1,43
2026-02-11 16:00:00,Mingos,2,30,Sunny,1,1,30
2026-02-11 16:00:00,Kiosk,2,30,Sunny,1,1,41
2026-02-11 17:00:00,Main Canteen,2,30,Sunny,1,1,81
2026-02-11 17:00:00,Fresherteria,2,30,Sunny,1,1,23
2026-02-11 17:00:00,Gourmet Extension,2,30,Sunny,1,1,20
2026-02-11 17:00:00,Mingos,2,30,Sunny,1,1,36
2026-02-11 17:00:00,Kiosk,2,30,Sunny,1,1,62
2026-02-11 18:00:00,Main Canteen,2,30,Sunny,1,1,75
2026-02-11 18:00:00,Fresherteria,2,30,Sunny,1,1,22
2026-02-11 18:00:00,Gourmet Extension,2,30,Sunny,1,1,39
2026-02-11 18:00:00,Mingos,2,30,Sunny,1,1,33
2026-02-11 18:00:00,Kiosk,2,30,Sunny,1,1,38
2026-02-12 08:00:00,Main Canteen,3,23,Cloudy,0,0,50
2026-02-12 08:00:00,Fresherteria,3,23,Cloudy,0,0,36
2026-02-12 08:00:00,Gourmet Extension,3,23,Cloudy,0,0,13
2026-02-12 08:00:00,Mingos,3,23,Cloudy,0,0,41
2026-02-12 08:00:00,Kiosk,3,23,Cloudy,0,0,34
2026-02-12 09:00:00,Main Canteen,3,23,Cloudy,0,0,25
2026-02-12 09:00:00,Fresherteria,3,23,Cloudy,0,0,70
2026-02-12 09:00:00,Gourmet Extension,3,23,Cloudy,0,0,57
2026-02-12 09:00:00,Mingos,3,23,Cloudy,0,0,36
2026-02-12 09:00:00,Kiosk,3,23,Cloudy,0,0,18
2026-02-12 10:00:00,Main Canteen,3,23,Cloudy,0,0,41
2026-02-12 10:00:00,Fresherteria,3,23,Cloudy,0,0,12
2026-02-12 10:00:00,Gourmet Extension,3,23,Cloudy,0,0,37
2026-02-12 10:00:00,Mingos,3,23,Cloudy,0,0,12
2026-02-12 10:00:00,Kiosk,3,23,Cloudy,0,0,22
2026-02-12 11:00:00,Main Canteen,3,23,Cloudy,0,0,13
2026-02-12 11:00:00,Fresherteria,3,23,Cloudy,0,0,24
2026-02-12 11:00:00,Gourmet Extension,3,23,Cloudy,0,0,17
2026-02-12 11:00:00,Mingos,3,23,Cloudy,0,0,22
2026-02-12 11:00:00,Kiosk,3,23,Cloudy,0,0,7
2026-02-12 12:00:00,Main Canteen,3,23,Cloudy,0,0,109
2026-02-12 12:00:00,Fresherteria,3,23,Cloudy,0,0,79
2026-02-12 12:00:00,Gourmet Extension,3,23,Cloudy,0,0,41
2026-02-12 12:00:00,Mingos,3,23,Cloudy,0,0,44
2026-02-12 12:00:00,Kiosk,3,23,Cloudy,0,0,59
2026-02-12 13:00:00,Main Canteen,3,23,Cloudy,0,0,66
2026-02-12 13:00:00,Fresherteria,3,23,Cloudy,0,0,118
2026-02-12 13:00:00,Gourmet Extension,3,23,Cloudy,0,0,76
2026-02-12 13:00:00,Mingos,3,23,Cloudy,0,0,48
2026-02-12 13:00:00,Kiosk,3,23,Cloudy,0,0,33
2026-02-12 14:00:00,Main Canteen,3,23,Cloudy,0,0,111
2026-02-12 14:00:00,Fresherteria,3,23,Cloudy,0,0,115
2026-02-12 14:00:00,Gourmet Extension,3,23,Cloudy,0,0,25
2026-02-12 14:00:00,Mingos,3,23,Cloudy,0,0,30
2026-02-12 14:00:00,Kiosk,3,23,Cloudy,0,0,55
2026-02-12 15:00:00,Main Canteen,3,23,Cloudy,0,0,18
2026-02-12 15:00:00,Fresherteria,3,23,Cloudy,0,0,41
2026-02-12 15:00:00,Gourmet Extension,3,23,Cloudy,0,0,24
2026-02-12 15:00:00,Mingos,3,23,Cloudy,0,0,21
2026-02-12 15:00:00,Kiosk,3,23,Cloudy,0,0,15
2026-02-12 16:00:00,Main Canteen,3,23,Cloudy,0,0,39
2026-02-12 16:00:00,Fresherteria,3,23,Cloudy,0,0,48
2026-02-12 16:00:00,Gourmet Extension,3,23,Cloudy,0,0,14
2026-02-12 16:00:00,Mingos,3,23,Cloudy,0,0,40
2026-02-12 16:00:00,Kiosk,3,23,Cloudy,0,0,16
2026-02-12 17:00:00,Main Canteen,3,23,Cloudy,0,0,41
2026-02-12 17:00:00,Fresherteria,3,23,Cloudy,0,0,25
2026-02-12 17:00:00,Gourmet Extension,3,23,Cloudy,0,0,41
2026-02-12 17:00:00,Mingos,3,23,Cloudy,0,0,14
2026-02-12 17:00:00,Kiosk,3,23,Cloudy,0,0,26
2026-02-12 18:00:00,Main Canteen,3,23,Cloudy,0,0,39
2026-02-12 18:00:00,Fresherteria,3,23,Cloudy,0,0,21
2026-02-12 18:00:00,Gourmet Extension,3,23,Cloudy,0,0,15
2026-02-12 18:00:00,Mingos,3,23,Cloudy,0,0,14
2026-02-12 18:00:00,Kiosk,3,23,Cloudy,0,0,1
2026-02-13 08:00:00,Main Canteen,4,28,Sunny,0,0,50
2026-02-13 08:00:00,Fresherteria,4,28,Sunny,0,0,15
2026-02-13 08:00:00,Gourmet Extension,4,28,Sunny,0,0,36
2026-02-13 08:00:00,Mingos,4,28,Sunny,0,0,44
2026-02-13 08:00:00,Kiosk,4,28,Sunny,0,0,31
2026-02-13 09:00:00,Main Canteen,4,28,Sunny,0,0,70
2026-02-13 09:00:00,Fresherteria,4,28,Sunny,0,0,64
2026-02-13 09:00:00,Gourmet Extension,4,28,Sunny,0,0,22
2026-02-13 09:00:00,Mingos,4,28,Sunny,0,0,24
2026-02-13 09:00:00,Kiosk,4,28,Sunny,0,0,30
2026-02-13 10:00:00,Main Canteen,4,28,Sunny,0,0,23
2026-02-13 10:00:00,Fresherteria,4,28,Sunny,0,0,30
2026-02-13 10:00:00,Gourmet Extension,4,28,Sunny,0,0,28
2026-02-13 10:00:00,Mingos,4,28,Sunny,0,0,14
2026-02-13 10:00:00,Kiosk,4,28,Sunny,0,0,20
2026-02-13 11:00:00,Main Canteen,4,28,Sunny,0,0,18
2026-02-13 11:00:00,Fresherteria,4,28,Sunny,0,0,35
2026-02-13 11:00:00,Gourmet Extension,4,28,Sunny,0,0,17
2026-02-13 11:00:00,Mingos,4,28,Sunny,0,0,13
2026-02-13 11:00:00,Kiosk,4,28,Sunny,0,0,9
2026-02-13 12:00:00,Main Canteen,4,28,Sunny,0,0,174
2026-02-13 12:00:00,Fresherteria,4,28,Sunny,0,0,80
2026-02-13 12:00:00,Gourmet Extension,4,28,Sunny,0,0,43
2026-02-13 12:00:00,Mingos,4,28,Sunny,0,0,43
2026-02-13 12:00:00,Kiosk,4,28,Sunny,0,0,16
2026-02-13 13:00:00,Main Canteen,4,28,Sunny,0,0,173
2026-02-13 13:00:00,Fresherteria,4,28,Sunny,0,0,115
2026-02-13 13:00:00,Gourmet Extension,4,28,Sunny,0,0,43
2026-02-13 13:00:00,Mingos,4,28,Sunny,0,0,55
2026-02-13 13:00:00,Kiosk,4,28,Sunny,0,0,16
2026-02-13 14:00:00,Main Canteen,4,28,Sunny,0,0,115
2026-02-13 14:00:00,Fresherteria,4,28,Sunny,0,0,55
2026-02-13 14:00:00,Gourmet Extension,4,28,Sunny,0,0,61
2026-02-13 14:00:00,Mingos,4,28,Sunny,0,0,36
2026-02-13 14:00:00,Kiosk,4,28,Sunny,0,0,29
2026-02-13 15:00:00,Main Canteen,4,28,Sunny,0,0,13
2026-02-13 15:00:00,Fresherteria,4,28,Sunny,0,0,20
2026-02-13 15:00:00,Gourmet Extension,4,28,Sunny,0,0,13
2026-02-13 15:00:00,Mingos,4,28,Sunny,0,0,4
2026-02-13 15:00:00,Kiosk,4,28,Sunny,0,0,17
2026-02-13 16:00:00,Main Canteen,4,28,Sunny,0,0,62
2026-02-13 16:00:00,Fresherteria,4,28,Sunny,0,0,23
2026-02-13 16:00:00,Gourmet Extension,4,28,Sunny,0,0,40
2026-02-13 16:00:00,Mingos,4,28,Sunny,0,0,21
2026-02-13 16:00:00,Kiosk,4,28,Sunny,0,0,31
2026-02-13 17:00:00,Main Canteen,4,28,Sunny,0,0,26
2026-02-13 17:00:00,Fresherteria,4,28,Sunny,0,0,20
2026-02-13 17:00:00,Gourmet Extension,4,28,Sunny,0,0,59
2026-02-13 17:00:00,Mingos,4,28,Sunny,0,0,39
2026-02-13 17:00:00,Kiosk,4,28,Sunny,0,0,33
2026-02-13 18:00:00,Main Canteen,4,28,Sunny,0,0,13
2026-02-13 18:00:00,Fresherteria,4,28,Sunny,0,0,4
2026-02-13 18:00:00,Gourmet Extension,4,28,Sunny,0,0,21
2026-02-13 18:00:00,Mingos,4,28,Sunny,0,0,15
2026-02-13 18:00:00,Kiosk,4,28,Sunny,0,0,18
2026-02-14 08:00:00,Main Canteen,5,27,Sunny,1,0,40
2026-02-14 08:00:00,Fresherteria,5,27,Sunny,1,0,23
2026-02-14 08:00:00,Gourmet Extension,5,27,Sunny,1,0,22
2026-02-14 08:00:00,Mingos,5,27,Sunny,1,0,0
2026-02-14 08:00:00,Kiosk,5,27,Sunny,1,0,13
2026-02-14 09:00:00,Main Canteen,5,27,Sunny,1,0,37
2026-02-14 09:00:00,Fresherteria,5,27,Sunny,1,0,11
2026-02-14 09:00:00,Gourmet Extension,5,27,Sunny,1,0,23
2026-02-14 09:00:00,Mingos,5,27,Sunny,1,0,3
2026-02-14 09:00:00,Kiosk,5,27,Sunny,1,0,10
2026-02-14 10:00:00,Main Canteen,5,27,Sunny,1,0,0
2026-02-14 10:00:00,Fresherteria,5,27,Sunny,1,0,19
2026-02-14 10:00:00,Gourmet Extension,5,27,Sunny,1,0,12
2026-02-14 10:00:00,Mingos,5,27,Sunny,1,0,12
2026-02-14 10:00:00,Kiosk,5,27,Sunny,1,0,15
2026-02-14 11:00:00,Main Canteen,5,27,Sunny,1,0,11
2026-02-14 11:00:00,Fresherteria,5,27,Sunny,1,0,2
2026-02-14 11:00:00,Gourmet Extension,5,27,Sunny,1,0,17
2026-02-14 11:00:00,Mingos,5,27,Sunny,1,0,1
2026-02-14 11:00:00,Kiosk,5,27,Sunny,1,0,7
2026-02-14 12:00:00,Main Canteen,5,27,Sunny,1,0,20
2026-02-14 12:00:00,Fresherteria,5,27,Sunny,1,0,25
2026-02-14 12:00:00,Gourmet Extension,5,27,Sunny,1,0,19
2026-02-14 12:00:00,Mingos,5,27,Sunny,1,0,18
2026-02-14 12:00:00,Kiosk,5,27,Sunny,1,0,14
2026-02-14 13:00:00,Main Canteen,5,27,Sunny,1,0,38
2026-02-14 13:00:00,Fresherteria,5,27,Sunny,1,0,4
2026-02-14 13:00:00,Gourmet Extension,5,27,Sunny,1,0,35
2026-02-14 13:00:00,Mingos,5,27,Sunny,1,0,1
2026-02-14 13:00:00,Kiosk,5,27,Sunny,1,0,9
2026-02-14 14:00:00,Main Canteen,5,27,Sunny,1,0,28
2026-02-14 14:00:00,Fresherteria,5,27,Sunny,1,0,39
2026-02-14 14:00:00,Gourmet Extension,5,27,Sunny,1,0,55
2026-02-14 14:00:00,Mingos,5,27,Sunny,1,0,28
2026-02-14 14:00:00,Kiosk,5,27,Sunny,1,0,30
2026-02-14 15:00:00,Main Canteen,5,27,Sunny,1,0,20
2026-02-14 15:00:00,Fresherteria,5,27,Sunny,1,0,14
2026-02-14 15:00:00,Gourmet Extension,5,27,Sunny,1,0,11
2026-02-14 15:00:00,Mingos,5,27,Sunny,1,0,4
2026-02-14 15:00:00,Kiosk,5,27,Sunny,1,0,11
2026-02-14 16:00:00,Main Canteen,5,27,Sunny,1,0,1
2026-02-14 16:00:00,Fresherteria,5,27,Sunny,1,0,26
2026-02-14 16:00:00,Gourmet Extension,5,27,Sunny,1,0,10
2026-02-14 16:00:00,Mingos,5,27,Sunny,1,0,15
2026-02-14 16:00:00,Kiosk,5,27,Sunny,1,0,10
2026-02-14 17:00:00,Main Canteen,5,27,Sunny,1,0,11
2026-02-14 17:00:00,Fresherteria,5,27,Sunny,1,0,18
2026-02-14 17:00:00,Gourmet Extension,5,27,Sunny,1,0,31
2026-02-14 17:00:00,Mingos,5,27,Sunny,1,0,0
2026-02-14 17:00:00,Kiosk,5,27,Sunny,1,0,0
2026-02-14 18:00:00,Main Canteen,5,27,Sunny,1,0,13
2026-02-14 18:00:00,Fresherteria,5,27,Sunny,1,0,1
2026-02-14 18:00:00,Gourmet Extension,5,27,Sunny,1,0,20
2026-02-14 18:00:00,Mingos,5,27,Sunny,1,0,18
2026-02-14 18:00:00,Kiosk,5,27,Sunny,1,0,7
2026-02-15 08:00:00,Main Canteen,6,29,Rainy,0,0,9
2026-02-15 08:00:00,Fresherteria,6,29,Rainy,0,0,16
2026-02-15 08:00:00,Gourmet Extension,6,29,Rainy,0,0,37
2026-02-15 08:00:00,Mingos,6,29,Rainy,0,0,13
2026-02-15 08:00:00,Kiosk,6,29,Rainy,0,0,16
2026-02-15 09:00:00,Main Canteen,6,29,Rainy,0,0,13
2026-02-15 09:00:00,Fresherteria,6,29,Rainy,0,0,14
2026-02-15 09:00:00,Gourmet Extension,6,29,Rainy,0,0,16
2026-02-15 09:00:00,Mingos,6,29,Rainy,0,0,7
2026-02-15 09:00:00,Kiosk,6,29,Rainy,0,0,15
2026-02-15 10:00:00,Main Canteen,6,29,Rainy,0,0,22
2026-02-15 10:00:00,Fresherteria,6,29,Rainy,0,0,0
2026-02-15 10:00:00,Gourmet Extension,6,29,Rainy,0,0,17
2026-02-15 10:00:00,Mingos,6,29,Rainy,0,0,13
2026-02-15 10:00:00,Kiosk,6,29,Rainy,0,0,17
2026-02-15 11:00:00,Main Canteen,6,29,Rainy,0,0,16
2026-02-15 11:00:00,Fresherteria,6,29,Rainy,0,0,3
2026-02-15 11:00:00,Gourmet Extension,6,29,Rainy,0,0,2
2026-02-15 11:00:00,Mingos,6,29,Rainy,0,0,1
2026-02-15 11:00:00,Kiosk,6,29,Rainy,0,0,6
2026-02-15 12:00:00,Main Canteen,6,29,Rainy,0,0,77
2026-02-15 12:00:00,Fresherteria,6,29,Rainy,0,0,49
2026-02-15 12:00:00,Gourmet Extension,6,29,Rainy,0,0,10
2026-02-15 12:00:00,Mingos,6,29,Rainy,0,0,37
2026-02-15 12:00:00,Kiosk,6,29,Rainy,0,0,0
2026-02-15 13:00:00,Main Canteen,6,29,Rainy,0,0,35
2026-02-15 13:00:00,Fresherteria,6,29,Rainy,0,0,3
2026-02-15 13:00:00,Gourmet Extension,6,29,Rainy,0,0,0
2026-02-15 13:00:00,Mingos,6,29,Rainy,0,0,0
2026-02-15 13:00:00,Kiosk,6,29,Rainy,0,0,24
2026-02-15 14:00:00,Main Canteen,6,29,Rainy,0,0,8
2026-02-15 14:00:00,Fresherteria,6,29,Rainy,0,0,34
2026-02-15 14:00:00,Gourmet Extension,6,29,Rainy,0,0,6
2026-02-15 14:00:00,Mingos,6,29,Rainy,0,0,32
2026-02-15 14:00:00,Kiosk,6,29,Rainy,0,0,27
2026-02-15 15:00:00,Main Canteen,6,29,Rainy,0,0,10
2026-02-15 15:00:00,Fresherteria,6,29,Rainy,0,0,22
2026-02-15 15:00:00,Gourmet Extension,6,29,Rainy,0,0,3
2026-02-15 15:00:00,Mingos,6,29,Rainy,0,0,18
2026-02-15 15:00:00,Kiosk,6,29,Rainy,0,0,15
2026-02-15 16:00:00,Main Canteen,6,29,Rainy,0,0,0
2026-02-15 16:00:00,Fresherteria,6,29,Rainy,0,0,16
2026-02-15 16:00:00,Gourmet Extension,6,29,Rainy,0,0,8
2026-02-15 16:00:00,Mingos,6,29,Rainy,0,0,21
2026-02-15 16:00:00,Kiosk,6,29,Rainy,0,0,10
2026-02-15 17:00:00,Main Canteen,6,29,Rainy,0,0,32
2026-02-15 17:00:00,Fresherteria,6,29,Rainy,0,0,14
2026-02-15 17:00:00,Gourmet Extension,6,29,Rainy,0,0,11
2026-02-15 17:00:00,Mingos,6,29,Rainy,0,0,7
2026-02-15 17:00:00,Kiosk,6,29,Rainy,0,0,10
2026-02-15 18:00:00,Main Canteen,6,29,Rainy,0,0,20
2026-02-15 18:00:00,Fresherteria,6,29,Rainy,0,0,0
2026-02-15 18:00:00,Gourmet Extension,6,29,Rainy,0,0,12
2026-02-15 18:00:00,Mingos,6,29,Rainy,0,0,9
2026-02-15 18:00:00,Kiosk,6,29,Rainy,0,0,7
2026-02-16 08:00:00,Main Canteen,0,29,Cloudy,0,0,76
2026-02-16 08:00:00,Fresherteria,0,29,Cloudy,0,0,30
2026-02-16 08:00:00,Gourmet Extension,0,29,Cloudy,0,0,68
2026-02-16 08:00:00,Mingos,0,29,Cloudy,0,0,44
2026-02-16 08:00:00,Kiosk,0,29,Cloudy,0,0,36
2026-02-16 09:00:00,Main Canteen,0,29,Cloudy,0,0,43
2026-02-16 09:00:00,Fresherteria,0,29,Cloudy,0,0,11
2026-02-16 09:00:00,Gourmet Extension,0,29,Cloudy,0,0,31
2026-02-16 09:00:00,Mingos,0,29,Cloudy,0,0,6
2026-02-16 09:00:00,Kiosk,0,29,Cloudy,0,0,30
2026-02-16 10:00:00,Main Canteen,0,29,Cloudy,0,0,45
2026-02-16 10:00:00,Fresherteria,0,29,Cloudy,0,0,15
2026-02-16 10:00:00,Gourmet Extension,0,29,Cloudy,0,0,27
2026-02-16 10:00:00,Mingos,0,29,Cloudy,0,0,8
2026-02-16 10:00:00,Kiosk,0,29,Cloudy,0,0,14
2026-02-16 11:00:00,Main Canteen,0,29,Cloudy,0,0,25
2026-02-16 11:00:00,Fresherteria,0,29,Cloudy,0,0,27
2026-02-16 11:00:00,Gourmet Extension,0,29,Cloudy,0,0,38
2026-02-16 11:00:00,Mingos,0,29,Cloudy,0,0,16
2026-02-16 11:00:00,Kiosk,0,29,Cloudy,0,0,8
2026-02-16 12:00:00,Main Canteen,0,29,Cloudy,0,0,130
2026-02-16 12:00:00,Fresherteria,0,29,Cloudy,0,0,68
2026-02-16 12:00:00,Gourmet Extension,0,29,Cloudy,0,0,96
2026-02-16 12:00:00,Mingos,0,29,Cloudy,0,0,26
2026-02-16 12:00:00,Kiosk,0,29,Cloudy,0,0,76
2026-02-16 13:00:00,Main Canteen,0,29,Cloudy,0,0,198
2026-02-16 13:00:00,Fresherteria,0,29,Cloudy,0,0,67
2026-02-16 13:00:00,Gourmet Extension,0,29,Cloudy,0,0,35
2026-02-16 13:00:00,Mingos,0,29,Cloudy,0,0,32
2026-02-16 13:00:00,Kiosk,0,29,Cloudy,0,0,43
2026-02-16 14:00:00,Main Canteen,0,29,Cloudy,0,0,180
2026-02-16 14:00:00,Fresherteria,0,29,Cloudy,0,0,106
2026-02-16 14:00:00,Gourmet Extension,0,29,Cloudy,0,0,20
2026-02-16 14:00:00,Mingos,0,29,Cloudy,0,0,85
2026-02-16 14:00:00,Kiosk,0,29,Cloudy,0,0,54
2026-02-16 15:00:00,Main Canteen,0,29,Cloudy,0,0,14
2026-02-16 15:00:00,Fresherteria,0,29,Cloudy,0,0,30
2026-02-16 15:00:00,Gourmet Extension,0,29,Cloudy,0,0,32
2026-02-16 15:00:00,Mingos,0,29,Cloudy,0,0,24
2026-02-16 15:00:00,Kiosk,0,29,Cloudy,0,0,10
2026-02-16 16:00:00,Main Canteen,0,29,Cloudy,0,0,49
2026-02-16 16:00:00,Fresherteria,0,29,Cloudy,0,0,29
2026-02-16 16:00:00,Gourmet Extension,0,29,Cloudy,0,0,18
2026-02-16 16:00:00,Mingos,0,29,Cloudy,0,0,17
2026-02-16 16:00:00,Kiosk,0,29,Cloudy,0,0,26
2026-02-16 17:00:00,Main Canteen,0,29,Cloudy,0,0,71
2026-02-16 17:00:00,Fresherteria,0,29,Cloudy,0,0,51
2026-02-16 17:00:00,Gourmet Extension,0,29,Cloudy,0,0,26
2026-02-16 17:00:00,Mingos,0,29,Cloudy,0,0,17
2026-02-16 17:00:00,Kiosk,0,29,Cloudy,0,0,20
2026-02-16 18:00:00,Main Canteen,0,29,Cloudy,0,0,19
2026-02-16 18:00:00,Fresherteria,0,29,Cloudy,0,0,26
2026-02-16 18:00:00,Gourmet Extension,0,29,Cloudy,0,0,10
2026-02-16 18:00:00,Mingos,0,29,Cloudy,0,0,25
2026-02-16 18:00:00,Kiosk,0,29,Cloudy,0,0,24
2026-02-17 08:00:00,Main Canteen,1,22,Sunny,0,0,10
2026-02-17 08:00:00,Fresherteria,1,22,Sunny,0,0,25
2026-02-17 08:00:00,Gourmet Extension,1,22,Sunny,0,0,18
2026-02-17 08:00:00,Mingos,1,22,Sunny,0,0,49
2026-02-17 08:00:00,Kiosk,1,22,Sunny,0,0,32
2026-02-17 09:00:00,Main Canteen,1,22,Sunny,0,0,58
2026-02-17 09:00:00,Fresherteria,1,22,Sunny,0,0,36
2026-02-17 09:00:00,Gourmet Extension,1,22,Sunny,0,0,43
2026-02-17 09:00:00,Mingos,1,22,Sunny,0,0,11
2026-02-17 09:00:00,Kiosk,1,22,Sunny,0,0,29
2026-02-17 10:00:00,Main Canteen,1,22,Sunny,0,0,14
2026-02-17 10:00:00,Fresherteria,1,22,Sunny,0,0,21
2026-02-17 10:00:00,Gourmet Extension,1,22,Sunny,0,0,15
2026-02-17 10:00:00,Mingos,1,22,Sunny,0,0,26
2026-02-17 10:00:00,Kiosk,1,22,Sunny,0,0,4
2026-02-17 11:00:00,Main Canteen,1,22,Sunny,0,0,37
2026-02-17 11:00:00,Fresherteria,1,22,Sunny,0,0,12
2026-02-17 11:00:00,Gourmet Extension,1,22,Sunny,0,0,12
2026-02-17 11:00:00,Mingos,1,22,Sunny,0,0,15
2026-02-17 11:00:00,Kiosk,1,22,Sunny,0,0,7
2026-02-17 12:00:00,Main Canteen,1,22,Sunny,0,0,117
2026-02-17 12:00:00,Fresherteria,1,22,Sunny,0,0,109
2026-02-17 12:00:00,Gourmet Extension,1,22,Sunny,0,0,48
2026-02-17 12:00:00,Mingos,1,22,Sunny,0,0,35
2026-02-17 12:00:00,Kiosk,1,22,Sunny,0,0,27
2026-02-17 13:00:00,Main Canteen,1,22,Sunny,0,0,80
2026-02-17 13:00:00,Fresherteria,1,22,Sunny,0,0,109
2026-02-17 13:00:00,Gourmet Extension,1,22,Sunny,0,0,79
2026-02-17 13:00:00,Mingos,1,22,Sunny,0,0,78
2026-02-17 13:00:00,Kiosk,1,22,Sunny,0,0,15
2026-02-17 14:00:00,Main Canteen,1,22,Sunny,0,0,160
2026-02-17 14:00:00,Fresherteria,1,22,Sunny,0,0,53
2026-02-17 14:00:00,Gourmet Extension,1,22,Sunny,0,0,65
2026-02-17 14:00:00,Mingos,1,22,Sunny,0,0,12
2026-02-17 14:00:00,Kiosk,1,22,Sunny,0,0,33
2026-02-17 15:00:00,Main Canteen,1,22,Sunny,0,0,13
2026-02-17 15:00:00,Fresherteria,1,22,Sunny,0,0,9
2026-02-17 15:00:00,Gourmet Extension,1,22,Sunny,0,0,12
2026-02-17 15:00:00,Mingos,1,22,Sunny,0,0,18
2026-02-17 15:00:00,Kiosk,1,22,Sunny,0,0,6
2026-02-17 16:00:00,Main Canteen,1,22,Sunny,0,0,40
2026-02-17 16:00:00,Fresherteria,1,22,Sunny,0,0,35
2026-02-17 16:00:00,Gourmet Extension,1,22,Sunny,0,0,51
2026-02-17 16:00:00,Mingos,1,22,Sunny,0,0,2
2026-02-17 16:00:00,Kiosk,1,22,Sunny,0,0,22
2026-02-17 17:00:00,Main Canteen,1,22,Sunny,0,0,68
2026-02-17 17:00:00,Fresherteria,1,22,Sunny,0,0,9
2026-02-17 17:00:00,Gourmet Extension,1,22,Sunny,0,0,43
2026-02-17 17:00:00,Mingos,1,22,Sunny,0,0,38
2026-02-17 17:00:00,Kiosk,1,22,Sunny,0,0,39
2026-02-17 18:00:00,Main Canteen,1,22,Sunny,0,0,40
2026-02-17 18:00:00,Fresherteria,1,22,Sunny,0,0,8
2026-02-17 18:00:00,Gourmet Extension,1,22,Sunny,0,0,17
2026-02-17 18:00:00,Mingos,1,22,Sunny,0,0,30
2026-02-17 18:00:00,Kiosk,1,22,Sunny,0,0,12
2026-02-18 08:00:00,Main Canteen,2,32,Sunny,0,0,41
2026-02-18 08:00:00,Fresherteria,2,32,Sunny,0,0,14
2026-02-18 08:00:00,Gourmet Extension,2,32,Sunny,0,0,18
2026-02-18 08:00:00,Mingos,2,32,Sunny,0,0,25
2026-02-18 08:00:00,Kiosk,2,32,Sunny,0,0,16
2026-02-18 09:00:00,Main Canteen,2,32,Sunny,0,0,30
2026-02-18 09:00:00,Fresherteria,2,32,Sunny,0,0,64
2026-02-18 09:00:00,Gourmet Extension,2,32,Sunny,0,0,4
2026-02-18 09:00:00,Mingos,2,32,Sunny,0,0,7
2026-02-18 09:00:00,Kiosk,2,32,Sunny,0,0,13
2026-02-18 10:00:00,Main Canteen,2,32,Sunny,0,0,46
2026-02-18 10:00:00,Fresherteria,2,32,Sunny,0,0,8
2026-02-18 10:00:00,Gourmet Extension,2,32,Sunny,0,0,29
2026-02-18 10:00:00,Mingos,2,32,Sunny,0,0,11
2026-02-18 10:00:00,Kiosk,2,32,Sunny,0,0,18
2026-02-18 11:00:00,Main Canteen,2,32,Sunny,0,0,34
2026-02-18 11:00:00,Fresherteria,2,32,Sunny,0,0,31
2026-02-18 11:00:00,Gourmet Extension,2,32,Sunny,0,0,27
2026-02-18 11:00:00,Mingos,2,32,Sunny,0,0,9
2026-02-18 11:00:00,Kiosk,2,32,Sunny,0,0,6
2026-02-18 12:00:00,Main Canteen,2,32,Sunny,0,0,157
2026-02-18 12:00:00,Fresherteria,2,32,Sunny,0,0,104
2026-02-18 12:00:00,Gourmet Extension,2,32,Sunny,0,0,62
2026-02-18 12:00:00,Mingos,2,32,Sunny,0,0,43
2026-02-18 12:00:00,Kiosk,2,32,Sunny,0,0,47
2026-02-18 13:00:00,Main Canteen,2,32,Sunny,0,0,68
2026-02-18 13:00:00,Fresherteria,2,32,Sunny,0,0,85
2026-02-18 13:00:00,Gourmet Extension,2,32,Sunny,0,0,77
2026-02-18 13:00:00,Mingos,2,32,Sunny,0,0,35
2026-02-18 13:00:00,Kiosk,2,32,Sunny,0,0,36
2026-02-18 14:00:00,Main Canteen,2,32,Sunny,0,0,155
2026-02-18 14:00:00,Fresherteria,2,32,Sunny,0,0,81
2026-02-18 14:00:00,Gourmet Extension,2,32,Sunny,0,0,57
2026-02-18 14:00:00,Mingos,2,32,Sunny,0,0,18
2026-02-18 14:00:00,Kiosk,2,32,Sunny,0,0,36
2026-02-18 15:00:00,Main Canteen,2,32,Sunny,0,0,22
2026-02-18 15:00:00,Fresherteria,2,32,Sunny,0,0,27
2026-02-18 15:00:00,Gourmet Extension,2,32,Sunny,0,0,26
2026-02-18 15:00:00,Mingos,2,32,Sunny,0,0,16
2026-02-18 15:00:00,Kiosk,2,32,Sunny,0,0,21
2026-02-18 16:00:00,Main Canteen,2,32,Sunny,0,0,75
2026-02-18 16:00:00,Fresherteria,2,32,Sunny,0,0,38
2026-02-18 16:00:00,Gourmet Extension,2,32,Sunny,0,0,57
2026-02-18 16:00:00,Mingos,2,32,Sunny,0,0,12
2026-02-18 16:00:00,Kiosk,2,32,Sunny,0,0,8
2026-02-18 17:00:00,Main Canteen,2,32,Sunny,0,0,26
2026-02-18 17:00:00,Fresherteria,2,32,Sunny,0,0,44
2026-02-18 17:00:00,Gourmet Extension,2,32,Sunny,0,0,34
2026-02-18 17:00:00,Mingos,2,32,Sunny,0,0,17
2026-02-18 17:00:00,Kiosk,2,32,Sunny,0,0,28
2026-02-18 18:00:00,Main Canteen,2,32,Sunny,0,0,16
2026-02-18 18:00:00,Fresherteria,2,32,Sunny,0,0,36
2026-02-18 18:00:00,Gourmet Extension,2,32,Sunny,0,0,26
2026-02-18 18:00:00,Mingos,2,32,Sunny,0,0,13
2026-02-18 18:00:00,Kiosk,2,32,Sunny,0,0,19
2026-02-19 08:00:00,Main Canteen,3,30,Rainy,0,0,99
2026-02-19 08:00:00,Fresherteria,3,30,Rainy,0,0,67
2026-02-19 08:00:00,Gourmet Extension,3,30,Rainy,0,0,78
2026-02-19 08:00:00,Mingos,3,30,Rainy,0,0,50
2026-02-19 08:00:00,Kiosk,3,30,Rainy,0,0,31
2026-02-19 09:00:00,Main Canteen,3,30,Rainy,0,0,87
2026-02-19 09:00:00,Fresherteria,3,30,Rainy,0,0,106
2026-02-19 09:00:00,Gourmet Extension,3,30,Rainy,0,0,25
2026-02-19 09:00:00,Mingos,3,30,Rainy,0,0,61
2026-02-19 09:00:00,Kiosk,3,30,Rainy,0,0,57
2026-02-19 10:00:00,Main Canteen,3,30,Rainy,0,0,42
2026-02-19 10:00:00,Fresherteria,3,30,Rainy,0,0,50
2026-02-19 10:00:00,Gourmet Extension,3,30,Rainy,0,0,35
2026-02-19 10:00:00,Mingos,3,30,Rainy,0,0,12
2026-02-19 10:00:00,Kiosk,3,30,Rainy,0,0,10
2026-02-19 11:00:00,Main Canteen,3,30,Rainy,0,0,14
2026-02-19 11:00:00,Fresherteria,3,30,Rainy,0,0,31
2026-02-19 11:00:00,Gourmet Extension,3,30,Rainy,0,0,10
2026-02-19 11:00:00,Mingos,3,30,Rainy,0,0,27
2026-02-19 11:00:00,Kiosk,3,30,Rainy,0,0,26
2026-02-19 12:00:00,Main Canteen,3,30,Rainy,0,0,202
2026-02-19 12:00:00,Fresherteria,3,30,Rainy,0,0,146
2026-02-19 12:00:00,Gourmet Extension,3,30,Rainy,0,0,108
2026-02-19 12:00:00,Mingos,3,30,Rainy,0,0,21
2026-02-19 12:00:00,Kiosk,3,30,Rainy,0,0,34
2026-02-19 13:00:00,Main Canteen,3,30,Rainy,0,0,196
2026-02-19 13:00:00,Fresherteria,3,30,Rainy,0,0,77
2026-02-19 13:00:00,Gourmet Extension,3,30,Rainy,0,0,141
2026-02-19 13:00:00,Mingos,3,30,Rainy,0,0,49
2026-02-19 13:00:00,Kiosk,3,30,Rainy,0,0,58
2026-02-19 14:00:00,Main Canteen,3,30,Rainy,0,0,150
2026-02-19 14:00:00,Fresherteria,3,30,Rainy,0,0,86
2026-02-19 14:00:00,Gourmet Extension,3,30,Rainy,0,0,95
2026-02-19 14:00:00,Mingos,3,30,Rainy,0,0,97
2026-02-19 14:00:00,Kiosk,3,30,Rainy,0,0,69
2026-02-19 15:00:00,Main Canteen,3,30,Rainy,0,0,66
2026-02-19 15:00:00,Fresherteria,3,30,Rainy,0,0,48
2026-02-19 15:00:00,Gourmet Extension,3,30,Rainy,0,0,20
2026-02-19 15:00:00,Mingos,3,30,Rainy,0,0,15
2026-02-19 15:00:00,Kiosk,3,30,Rainy,0,0,24
2026-02-19 16:00:00,Main Canteen,3,30,Rainy,0,0,110
2026-02-19 16:00:00,Fresherteria,3,30,Rainy,0,0,25
2026-02-19 16:00:00,Gourmet Extension,3,30,Rainy,0,0,72
2026-02-19 16:00:00,Mingos,3,30,Rainy,0,0,35
2026-02-19 16:00:00,Kiosk,3,30,Rainy,0,0,42
2026-02-19 17:00:00,Main Canteen,3,30,Rainy,0,0,31
2026-02-19 17:00:00,Fresherteria,3,30,Rainy,0,0,62
2026-02-19 17:00:00,Gourmet Extension,3,30,Rainy,0,0,56
2026-02-19 17:00:00,Mingos,3,30,Rainy,0,0,34
2026-02-19 17:00:00,Kiosk,3,30,Rainy,0,0,26
2026-02-19 18:00:00,Main Canteen,3,30,Rainy,0,0,33
2026-02-19 18:00:00,Fresherteria,3,30,Rainy,0,0,20
2026-02-19 18:00:00,Gourmet Extension,3,30,Rainy,0,0,42
2026-02-19 18:00:00,Mingos,3,30,Rainy,0,0,15
2026-02-19 18:00:00,Kiosk,3,30,Rainy,0,0,21
2026-02-20 08:00:00,Main Canteen,4,29,Rainy,1,0,80
2026-02-20 08:00:00,Fresherteria,4,29,Rainy,1,0,112
2026-02-20 08:00:00,Gourmet Extension,4,29,Rainy,1,0,85
2026-02-20 08:00:00,Mingos,4,29,Rainy,1,0,23
2026-02-20 08:00:00,Kiosk,4,29,Rainy,1,0,25
2026-02-20 09:00:00,Main Canteen,4,29,Rainy,1,0,71
2026-02-20 09:00:00,Fresherteria,4,29,Rainy,1,0,79
2026-02-20 09:00:00,Gourmet Extension,4,29,Rainy,1,0,97
2026-02-20 09:00:00,Mingos,4,29,Rainy,1,0,72
2026-02-20 09:00:00,Kiosk,4,29,Rainy,1,0,55
2026-02-20 10:00:00,Main Canteen,4,29,Rainy,1,0,48
2026-02-20 10:00:00,Fresherteria,4,29,Rainy,1,0,19
2026-02-20 10:00:00,Gourmet Extension,4,29,Rainy,1,0,34
2026-02-20 10:00:00,Mingos,4,29,Rainy,1,0,43
2026-02-20 10:00:00,Kiosk,4,29,Rainy,1,0,27
2026-02-20 11:00:00,Main Canteen,4,29,Rainy,1,0,39
2026-02-20 11:00:00,Fresherteria,4,29,Rainy,1,0,34
2026-02-20 11:00:00,Gourmet Extension,4,29,Rainy,1,0,54
2026-02-20 11:00:00,Mingos,4,29,Rainy,1,0,46
2026-02-20 11:00:00,Kiosk,4,29,Rainy,1,0,16
2026-02-20 12:00:00,Main Canteen,4,29,Rainy,1,0,334
2026-02-20 12:00:00,Fresherteria,4,29,Rainy,1,0,200
2026-02-20 12:00:00,Gourmet Extension,4,29,Rainy,1,0,205
2026-02-20 12:00:00,Mingos,4,29,Rainy,1,0,103
2026-02-20 12:00:00,Kiosk,4,29,Rainy,1,0,64
2026-02-20 13:00:00,Main Canteen,4,29,Rainy,1,0,201
2026-02-20 13:00:00,Fresherteria,4,29,Rainy,1,0,159
2026-02-20 13:00:00,Gourmet Extension,4,29,Rainy,1,0,52
2026-02-20 13:00:00,Mingos,4,29,Rainy,1,0,131
2026-02-20 13:00:00,Kiosk,4,29,Rainy,1,0,131
2026-02-20 14:00:00,Main Canteen,4,29,Rainy,1,0,107
2026-02-20 14:00:00,Fresherteria,4,29,Rainy,1,0,66
2026-02-20 14:00:00,Gourmet Extension,4,29,Rainy,1,0,122
2026-02-20 14:00:00,Mingos,4,29,Rainy,1,0,101
2026-02-20 14:00:00,Kiosk,4,29,Rainy,1,0,62
2026-02-20 15:00:00,Main Canteen,4,29,Rainy,1,0,29
2026-02-20 15:00:00,Fresherteria,4,29,Rainy,1,0,42
2026-02-20 15:00:00,Gourmet Extension,4,29,Rainy,1,0,24
2026-02-20 15:00:00,Mingos,4,29,Rainy,1,0,16
2026-02-20 15:00:00,Kiosk,4,29,Rainy,1,0,22
2026-02-20 16:00:00,Main Canteen,4,29,Rainy,1,0,127
2026-02-20 16:00:00,Fresherteria,4,29,Rainy,1,0,107
2026-02-20 16:00:00,Gourmet Extension,4,29,Rainy,1,0,73
2026-02-20 16:00:00,Mingos,4,29,Rainy,1,0,51
2026-02-20 16:00:00,Kiosk,4,29,Rainy,1,0,18
2026-02-20 17:00:00,Main Canteen,4,29,Rainy,1,0,20
2026-02-20 17:00:00,Fresherteria,4,29,Rainy,1,0,23
2026-02-20 17:00:00,Gourmet Extension,4,29,Rainy,1,0,102
2026-02-20 17:00:00,Mingos,4,29,Rainy,1,0,80
2026-02-20 17:00:00,Kiosk,4,29,Rainy,1,0,35
2026-02-20 18:00:00,Main Canteen,4,29,Rainy,1,0,78
2026-02-20 18:00:00,Fresherteria,4,29,Rainy,1,0,16
2026-02-20 18:00:00,Gourmet Extension,4,29,Rainy,1,0,38
2026-02-20 18:00:00,Mingos,4,29,Rainy,1,0,39
2026-02-20 18:00:00,Kiosk,4,29,Rainy,1,0,33
2026-02-21 08:00:00,Main Canteen,5,34,Rainy,1,0,18
2026-02-21 08:00:00,Fresherteria,5,34,Rainy,1,0,25
2026-02-21 08:00:00,Gourmet Extension,5,34,Rainy,1,0,6
2026-02-21 08:00:00,Mingos,5,34,Rainy,1,0,38
2026-02-21 08:00:00,Kiosk,5,34,Rainy,1,0,5
2026-02-21 09:00:00,Main Canteen,5,34,Rainy,1,0,50
2026-02-21 09:00:00,Fresherteria,5,34,Rainy,1,0,18
2026-02-21 09:00:00,Gourmet Extension,5,34,Rainy,1,0,21
2026-02-21 09:00:00,Mingos,5,34,Rainy,1,0,22
2026-02-21 09:00:00,Kiosk,5,34,Rainy,1,0,7
2026-02-21 10:00:00,Main Canteen,5,34,Rainy,1,0,36
2026-02-21 10:00:00,Fresherteria,5,34,Rainy,1,0,9
2026-02-21 10:00:00,Gourmet Extension,5,34,Rainy,1,0,15
2026-02-21 10:00:00,Mingos,5,34,Rainy,1,0,9
2026-02-21 10:00:00,Kiosk,5,34,Rainy,1,0,9
2026-02-21 11:00:00,Main Canteen,5,34,Rainy,1,0,27
2026-02-21 11:00:00,Fresherteria,5,34,Rainy,1,0,8
2026-02-21 11:00:00,Gourmet Extension,5,34,Rainy,1,0,12
2026-02-21 11:00:00,Mingos,5,34,Rainy,1,0,10
2026-02-21 11:00:00,Kiosk,5,34,Rainy,1,0,11
2026-02-21 12:00:00,Main Canteen,5,34,Rainy,1,0,44
2026-02-21 12:00:00,Fresherteria,5,34,Rainy,1,0,64
2026-02-21 12:00:00,Gourmet Extension,5,34,Rainy,1,0,65
2026-02-21 12:00:00,Mingos,5,34,Rainy,1,0,37
2026-02-21 12:00:00,Kiosk,5,34,Rainy,1,0,39
2026-02-21 13:00:00,Main Canteen,5,34,Rainy,1,0,17
2026-02-21 13:00:00,Fresherteria,5,34,Rainy,1,0,4
2026-02-21 13:00:00,Gourmet Extension,5,34,Rainy,1,0,17
2026-02-21 13:00:00,Mingos,5,34,Rainy,1,0,20
2026-02-21 13:00:00,Kiosk,5,34,Rainy,1,0,51
2026-02-21 14:00:00,Main Canteen,5,34,Rainy,1,0,63
2026-02-21 14:00:00,Fresherteria,5,34,Rainy,1,0,6
2026-02-21 14:00:00,Gourmet Extension,5,34,Rainy,1,0,14
2026-02-21 14:00:00,Mingos,5,34,Rainy,1,0,11
2026-02-21 14:00:00,Kiosk,5,34,Rainy,1,0,4
2026-02-21 15:00:00,Main Canteen,5,34,Rainy,1,0,13
2026-02-21 15:00:00,Fresherteria,5,34,Rainy,1,0,23
2026-02-21 15:00:00,Gourmet Extension,5,34,Rainy,1,0,11
2026-02-21 15:00:00,Mingos,5,34,Rainy,1,0,15
2026-02-21 15:00:00,Kiosk,5,34,Rainy,1,0,0
2026-02-21 16:00:00,Main Canteen,5,34,Rainy,1,0,36
2026-02-21 16:00:00,Fresherteria,5,34,Rainy,1,0,7
2026-02-21 16:00:00,Gourmet Extension,5,34,Rainy,1,0,19
2026-02-21 16:00:00,Mingos,5,34,Rainy,1,0,2
2026-02-21 16:00:00,Kiosk,5,34,Rainy,1,0,11
2026-02-21 17:00:00,Main Canteen,5,34,Rainy,1,0,5
2026-02-21 17:00:00,Fresherteria,5,34,Rainy,1,0,22
2026-02-21 17:00:00,Gourmet Extension,5,34,Rainy,1,0,6
2026-02-21 17:00:00,Mingos,5,34,Rainy,1,0,11
2026-02-21 17:00:00,Kiosk,5,34,Rainy,1,0,12
2026-02-21 18:00:00,Main Canteen,5,34,Rainy,1,0,11
2026-02-21 18:00:00,Fresherteria,5,34,Rainy,1,0,8
2026-02-21 18:00:00,Gourmet Extension,5,34,Rainy,1,0,21
2026-02-21 18:00:00,Mingos,5,34,Rainy,1,0,19
2026-02-21 18:00:00,Kiosk,5,34,Rainy,1,0,15
2026-02-22 08:00:00,Main Canteen,6,24,Sunny,0,1,28
2026-02-22 08:00:00,Fresherteria,6,24,Sunny,0,1,22
2026-02-22 08:00:00,Gourmet Extension,6,24,Sunny,0,1,20
2026-02-22 08:00:00,Mingos,6,24,Sunny,0,1,9
2026-02-22 08:00:00,Kiosk,6,24,Sunny,0,1,8
2026-02-22 09:00:00,Main Canteen,6,24,Sunny,0,1,29
2026-02-22 09:00:00,Fresherteria,6,24,Sunny,0,1,17
2026-02-22 09:00:00,Gourmet Extension,6,24,Sunny,0,1,19
2026-02-22 09:00:00,Mingos,6,24,Sunny,0,1,10
2026-02-22 09:00:00,Kiosk,6,24,Sunny,0,1,10
2026-02-22 10:00:00,Main Canteen,6,24,Sunny,0,1,18
2026-02-22 10:00:00,Fresherteria,6,24,Sunny,0,1,12
2026-02-22 10:00:00,Gourmet Extension,6,24,Sunny,0,1,22
2026-02-22 10:00:00,Mingos,6,24,Sunny,0,1,11
2026-02-22 10:00:00,Kiosk,6,24,Sunny,0,1,12
2026-02-22 11:00:00,Main Canteen,6,24,Sunny,0,1,10
2026-02-22 11:00:00,Fresherteria,6,24,Sunny,0,1,7
2026-02-22 11:00:00,Gourmet Extension,6,24,Sunny,0,1,0
2026-02-22 11:00:00,Mingos,6,24,Sunny,0,1,5
2026-02-22 11:00:00,Kiosk,6,24,Sunny,0,1,8
2026-02-22 12:00:00,Main Canteen,6,24,Sunny,0,1,56
2026-02-22 12:00:00,Fresherteria,6,24,Sunny,0,1,0
2026-02-22 12:00:00,Gourmet Extension,6,24,Sunny,0,1,0
2026-02-22 12:00:00,Mingos,6,24,Sunny,0,1,7
2026-02-22 12:00:00,Kiosk,6,24,Sunny,0,1,34
2026-02-22 13:00:00,Main Canteen,6,24,Sunny,0,1,64
2026-02-22 13:00:00,Fresherteria,6,24,Sunny,0,1,46
2026-02-22 13:00:00,Gourmet Extension,6,24,Sunny,0,1,27
2026-02-22 13:00:00,Mingos,6,24,Sunny,0,1,31
2026-02-22 13:00:00,Kiosk,6,24,Sunny,0,1,12
2026-02-22 14:00:00,Main Canteen,6,24,Sunny,0,1,33
2026-02-22 14:00:00,Fresherteria,6,24,Sunny,0,1,55
2026-02-22 14:00:00,Gourmet Extension,6,24,Sunny,0,1,40
2026-02-22 14:00:00,Mingos,6,24,Sunny,0,1,31
2026-02-22 14:00:00,Kiosk,6,24,Sunny,0,1,36
2026-02-22 15:00:00,Main Canteen,6,24,Sunny,0,1,7
2026-02-22 15:00:00,Fresherteria,6,24,Sunny,0,1,4
2026-02-22 15:00:00,Gourmet Extension,6,24,Sunny,0,1,0
2026-02-22 15:00:00,Mingos,6,24,Sunny,0,1,9
2026-02-22 15:00:00,Kiosk,6,24,Sunny,0,1,7
2026-02-22 16:00:00,Main Canteen,6,24,Sunny,0,1,3
2026-02-22 16:00:00,Fresherteria,6,24,Sunny,0,1,23
2026-02-22 16:00:00,Gourmet Extension,6,24,Sunny,0,1,19
2026-02-22 16:00:00,Mingos,6,24,Sunny,0,1,16
2026-02-22 16:00:00,Kiosk,6,24,Sunny,0,1,19
2026-02-22 17:00:00,Main Canteen,6,24,Sunny,0,1,1
2026-02-22 17:00:00,Fresherteria,6,24,Sunny,0,1,34
2026-02-22 17:00:00,Gourmet Extension,6,24,Sunny,0,1,5
2026-02-22 17:00:00,Mingos,6,24,Sunny,0,1,0
2026-02-22 17:00:00,Kiosk,6,24,Sunny,0,1,5
2026-02-22 18:00:00,Main Canteen,6,24,Sunny,0,1,15
2026-02-22 18:00:00,Fresherteria,6,24,Sunny,0,1,12
2026-02-22 18:00:00,Gourmet Extension,6,24,Sunny,0,1,8
2026-02-22 18:00:00,Mingos,6,24,Sunny,0,1,9
2026-02-22 18:00:00,Kiosk,6,24,Sunny,0,1,5
2026-02-23 08:00:00,Main Canteen,0,26,Sunny,0,0,13
2026-02-23 08:00:00,Fresherteria,0,26,Sunny,0,0,24
2026-02-23 08:00:00,Gourmet Extension,0,26,Sunny,0,0,35
2026-02-23 08:00:00,Mingos,0,26,Sunny,0,0,36
2026-02-23 08:00:00,Kiosk,0,26,Sunny,0,0,38
2026-02-23 09:00:00,Main Canteen,0,26,Sunny,0,0,42
2026-02-23 09:00:00,Fresherteria,0,26,Sunny,0,0,26
2026-02-23 09:00:00,Gourmet Extension,0,26,Sunny,0,0,40
2026-02-23 09:00:00,Mingos,0,26,Sunny,0,0,22
2026-02-23 09:00:00,Kiosk,0,26,Sunny,0,0,11
2026-02-23 10:00:00,Main Canteen,0,26,Sunny,0,0,45
2026-02-23 10:00:00,Fresherteria,0,26,Sunny,0,0,13
2026-02-23 10:00:00,Gourmet Extension,0,26,Sunny,0,0,18
2026-02-23 10:00:00,Mingos,0,26,Sunny,0,0,8
2026-02-23 10:00:00,Kiosk,0,26,Sunny,0,0,9
2026-02-23 11:00:00,Main Canteen,0,26,Sunny,0,0,29
2026-02-23 11:00:00,Fresherteria,0,26,Sunny,0,0,17
2026-02-23 11:00:00,Gourmet Extension,0,26,Sunny,0,0,24
2026-02-23 11:00:00,Mingos,0,26,Sunny,0,0,10
2026-02-23 11:00:00,Kiosk,0,26,Sunny,0,0,19
2026-02-23 12:00:00,Main Canteen,0,26,Sunny,0,0,53
2026-02-23 12:00:00,Fresherteria,0,26,Sunny,0,0,49
2026-02-23 12:00:00,Gourmet Extension,0,26,Sunny,0,0,56
2026-02-23 12:00:00,Mingos,0,26,Sunny,0,0,26
2026-02-23 12:00:00,Kiosk,0,26,Sunny,0,0,65
2026-02-23 13:00:00,Main Canteen,0,26,Sunny,0,0,52
2026-02-23 13:00:00,Fresherteria,0,26,Sunny,0,0,108
2026-02-23 13:00:00,Gourmet Extension,0,26,Sunny,0,0,70
2026-02-23 13:00:00,Mingos,0,26,Sunny,0,0,68
2026-02-23 13:00:00,Kiosk,0,26,Sunny,0,0,25
2026-02-23 14:00:00,Main Canteen,0,26,Sunny,0,0,68
2026-02-23 14:00:00,Fresherteria,0,26,Sunny,0,0,104
2026-02-23 14:00:00,Gourmet Extension,0,26,Sunny,0,0,95
2026-02-23 14:00:00,Mingos,0,26,Sunny,0,0,45
2026-02-23 14:00:00,Kiosk,0,26,Sunny,0,0,22
2026-02-23 15:00:00,Main Canteen,0,26,Sunny,0,0,26
2026-02-23 15:00:00,Fresherteria,0,26,Sunny,0,0,34
2026-02-23 15:00:00,Gourmet Extension,0,26,Sunny,0,0,21
2026-02-23 15:00:00,Mingos,0,26,Sunny,0,0,11
2026-02-23 15:00:00,Kiosk,0,26,Sunny,0,0,12
2026-02-23 16:00:00,Main Canteen,0,26,Sunny,0,0,26
2026-02-23 16:00:00,Fresherteria,0,26,Sunny,0,0,30
2026-02-23 16:00:00,Gourmet Extension,0,26,Sunny,0,0,28
2026-02-23 16:00:00,Mingos,0,26,Sunny,0,0,29
2026-02-23 16:00:00,Kiosk,0,26,Sunny,0,0,31
2026-02-23 17:00:00,Main Canteen,0,26,Sunny,0,0,18
2026-02-23 17:00:00,Fresherteria,0,26,Sunny,0,0,31
2026-02-23 17:00:00,Gourmet Extension,0,26,Sunny,0,0,50
2026-02-23 17:00:00,Mingos,0,26,Sunny,0,0,32
2026-02-23 17:00:00,Kiosk,0,26,Sunny,0,0,31
2026-02-23 18:00:00,Main Canteen,0,26,Sunny,0,0,15
2026-02-23 18:00:00,Fresherteria,0,26,Sunny,0,0,25
2026-02-23 18:00:00,Gourmet Extension,0,26,Sunny,0,0,32
2026-02-23 18:00:00,Mingos,0,26,Sunny,0,0,11
2026-02-23 18:00:00,Kiosk,0,26,Sunny,0,0,25
2026-02-24 08:00:00,Main Canteen,1,22,Cloudy,1,0,54
2026-02-24 08:00:00,Fresherteria,1,22,Cloudy,1,0,62
2026-02-24 08:00:00,Gourmet Extension,1,22,Cloudy,1,0,21
2026-02-24 08:00:00,Mingos,1,22,Cloudy,1,0,17
2026-02-24 08:00:00,Kiosk,1,22,Cloudy,1,0,12
2026-02-24 09:00:00,Main Canteen,1,22,Cloudy,1,0,63
2026-02-24 09:00:00,Fresherteria,1,22,Cloudy,1,0,90
2026-02-24 09:00:00,Gourmet Extension,1,22,Cloudy,1,0,17
2026-02-24 09:00:00,Mingos,1,22,Cloudy,1,0,70
2026-02-24 09:00:00,Kiosk,1,22,Cloudy,1,0,28
2026-02-24 10:00:00,Main Canteen,1,22,Cloudy,1,0,34
2026-02-24 10:00:00,Fresherteria,1,22,Cloudy,1,0,21
2026-02-24 10:00:00,Gourmet Extension,1,22,Cloudy,1,0,30
2026-02-24 10:00:00,Mingos,1,22,Cloudy,1,0,25
2026-02-24 10:00:00,Kiosk,1,22,Cloudy,1,0,28
2026-02-24 11:00:00,Main Canteen,1,22,Cloudy,1,0,48
2026-02-24 11:00:00,Fresherteria,1,22,Cloudy,1,0,19
2026-02-24 11:00:00,Gourmet Extension,1,22,Cloudy,1,0,47
2026-02-24 11:00:00,Mingos,1,22,Cloudy,1,0,22
2026-02-24 11:00:00,Kiosk,1,22,Cloudy,1,0,26
2026-02-24 12:00:00,Main Canteen,1,22,Cloudy,1,0,186
2026-02-24 12:00:00,Fresherteria,1,22,Cloudy,1,0,28
2026-02-24 12:00:00,Gourmet Extension,1,22,Cloudy,1,0,92
2026-02-24 12:00:00,Mingos,1,22,Cloudy,1,0,59
2026-02-24 12:00:00,Kiosk,1,22,Cloudy,1,0,77
2026-02-24 13:00:00,Main Canteen,1,22,Cloudy,1,0,203
2026-02-24 13:00:00,Fresherteria,1,22,Cloudy,1,0,119
2026-02-24 13:00:00,Gourmet Extension,1,22,Cloudy,1,0,66
2026-02-24 13:00:00,Mingos,1,22,Cloudy,1,0,29
2026-02-24 13:00:00,Kiosk,1,22,Cloudy,1,0,31
2026-02-24 14:00:00,Main Canteen,1,22,Cloudy,1,0,145
2026-02-24 14:00:00,Fresherteria,1,22,Cloudy,1,0,98
2026-02-24 14:00:00,Gourmet Extension,1,22,Cloudy,1,0,55
2026-02-24 14:00:00,Mingos,1,22,Cloudy,1,0,26
2026-02-24 14:00:00,Kiosk,1,22,Cloudy,1,0,43
2026-02-24 15:00:00,Main Canteen,1,22,Cloudy,1,0,60
2026-02-24 15:00:00,Fresherteria,1,22,Cloudy,1,0,50
2026-02-24 15:00:00,Gourmet Extension,1,22,Cloudy,1,0,18
2026-02-24 15:00:00,Mingos,1,22,Cloudy,1,0,15
2026-02-24 15:00:00,Kiosk,1,22,Cloudy,1,0,8
2026-02-24 16:00:00,Main Canteen,1,22,Cloudy,1,0,86
2026-02-24 16:00:00,Fresherteria,1,22,Cloudy,1,0,59
2026-02-24 16:00:00,Gourmet Extension,1,22,Cloudy,1,0,28
2026-02-24 16:00:00,Mingos,1,22,Cloudy,1,0,41
2026-02-24 16:00:00,Kiosk,1,22,Cloudy,1,0,54
2026-02-24 17:00:00,Main Canteen,1,22,Cloudy,1,0,43
2026-02-24 17:00:00,Fresherteria,1,22,Cloudy,1,0,45
2026-02-24 17:00:00,Gourmet Extension,1,22,Cloudy,1,0,25
2026-02-24 17:00:00,Mingos,1,22,Cloudy,1,0,59
2026-02-24 17:00:00,Kiosk,1,22,Cloudy,1,0,22
2026-02-24 18:00:00,Main Canteen,1,22,Cloudy,1,0,31
2026-02-24 18:00:00,Fresherteria,1,22,Cloudy,1,0,21
2026-02-24 18:00:00,Gourmet Extension,1,22,Cloudy,1,0,14
2026-02-24 18:00:00,Mingos,1,22,Cloudy,1,0,10
2026-02-24 18:00:00,Kiosk,1,22,Cloudy,1,0,11
2026-02-25 08:00:00,Main Canteen,2,24,Rainy,0,0,25
2026-02-25 08:00:00,Fresherteria,2,24,Rainy,0,0,18
2026-02-25 08:00:00,Gourmet Extension,2,24,Rainy,0,0,69
2026-02-25 08:00:00,Mingos,2,24,Rainy,0,0,58
2026-02-25 08:00:00,Kiosk,2,24,Rainy,0,0,15
2026-02-25 09:00:00,Main Canteen,2,24,Rainy,0,0,111
2026-02-25 09:00:00,Fresherteria,2,24,Rainy,0,0,60
2026-02-25 09:00:00,Gourmet Extension,2,24,Rainy,0,0,89
2026-02-25 09:00:00,Mingos,2,24,Rainy,0,0,68
2026-02-25 09:00:00,Kiosk,2,24,Rainy,0,0,40
2026-02-25 10:00:00,Main Canteen,2,24,Rainy,0,0,15
2026-02-25 10:00:00,Fresherteria,2,24,Rainy,0,0,53
2026-02-25 10:00:00,Gourmet Extension,2,24,Rainy,0,0,35
2026-02-25 10:00:00,Mingos,2,24,Rainy,0,0,25
2026-02-25 10:00:00,Kiosk,2,24,Rainy,0,0,18
2026-02-25 11:00:00,Main Canteen,2,24,Rainy,0,0,49
2026-02-25 11:00:00,Fresherteria,2,24,Rainy,0,0,24
2026-02-25 11:00:00,Gourmet Extension,2,24,Rainy,0,0,29
2026-02-25 11:00:00,Mingos,2,24,Rainy,0,0,17
2026-02-25 11:00:00,Kiosk,2,24,Rainy,0,0,2
2026-02-25 12:00:00,Main Canteen,2,24,Rainy,0,0,254
2026-02-25 12:00:00,Fresherteria,2,24,Rainy,0,0,166
2026-02-25 12:00:00,Gourmet Extension,2,24,Rainy,0,0,39
2026-02-25 12:00:00,Mingos,2,24,Rainy,0,0,47
2026-02-25 12:00:00,Kiosk,2,24,Rainy,0,0,89
2026-02-25 13:00:00,Main Canteen,2,24,Rainy,0,0,257
2026-02-25 13:00:00,Fresherteria,2,24,Rainy,0,0,54
2026-02-25 13:00:00,Gourmet Extension,2,24,Rainy,0,0,22
2026-02-25 13:00:00,Mingos,2,24,Rainy,0,0,72
2026-02-25 13:00:00,Kiosk,2,24,Rainy,0,0,75
2026-02-25 14:00:00,Main Canteen,2,24,Rainy,0,0,202
2026-02-25 14:00:00,Fresherteria,2,24,Rainy,0,0,119
2026-02-25 14:00:00,Gourmet Extension,2,24,Rainy,0,0,117
2026-02-25 14:00:00,Mingos,2,24,Rainy,0,0,34
2026-02-25 14:00:00,Kiosk,2,24,Rainy,0,0,59
2026-02-25 15:00:00,Main Canteen,2,24,Rainy,0,0,7
2026-02-25 15:00:00,Fresherteria,2,24,Rainy,0,0,18
2026-02-25 15:00:00,Gourmet Extension,2,24,Rainy,0,0,33
2026-02-25 15:00:00,Mingos,2,24,Rainy,0,0,28
2026-02-25 15:00:00,Kiosk,2,24,Rainy,0,0,36
2026-02-25 16:00:00,Main Canteen,2,24,Rainy,0,0,17
2026-02-25 16:00:00,Fresherteria,2,24,Rainy,0,0,64
2026-02-25 16:00:00,Gourmet Extension,2,24,Rainy,0,0,23
2026-02-25 16:00:00,Mingos,2,24,Rainy,0,0,20
2026-02-25 16:00:00,Kiosk,2,24,Rainy,0,0,40
2026-02-25 17:00:00,Main Canteen,2,24,Rainy,0,0,14
2026-02-25 17:00:00,Fresherteria,2,24,Rainy,0,0,56
2026-02-25 17:00:00,Gourmet Extension,2,24,Rainy,0,0,48
2026-02-25 17:00:00,Mingos,2,24,Rainy,0,0,64
2026-02-25 17:00:00,Kiosk,2,24,Rainy,0,0,48
2026-02-25 18:00:00,Main Canteen,2,24,Rainy,0,0,23
2026-02-25 18:00:00,Fresherteria,2,24,Rainy,0,0,37
2026-02-25 18:00:00,Gourmet Extension,2,24,Rainy,0,0,17
2026-02-25 18:00:00,Mingos,2,24,Rainy,0,0,25
2026-02-25 18:00:00,Kiosk,2,24,Rainy,0,0,16
